news_source,url,bias_rating,allsides_url
Bruce Braley,http://www.brucebraley.com,Left,http://www.allsides.com/node/20678
Tallahassee Democrat,http://www.tallahassee.com/,Left,http://www.allsides.com/node/28762
Mark Udall,http://markudall.com/,Left,http://www.allsides.com/node/20582
Care 2,http://www.care2.com,Left,http://www.allsides.com/node/28766
Herald Democrat,http://heralddemocrat.com/,Left,http://www.allsides.com/node/33340
Arkansas Democrat-Gazette,http://www.arkansasonline.com/,Left,http://www.allsides.com/node/18665
Paul Krugman,http://krugman.blogs.nytimes.com/,Left,http://www.allsides.com/node/20820
Michele Nunn,http://www.michellenunn.com/splash,Left,http://www.allsides.com/node/20600
Falls Church News - Press,http://www.fcnp.com,Left,http://www.allsides.com/node/11612
National Committee to Preserve Social Security and Medicare,http://www.ncpssm.org,Left,http://www.allsides.com/node/2835
Council on Foreign Relations,http://www.cfr.org,Left,http://www.allsides.com/node/72957
Alison Lundergan Grimes,http://alisonforkentucky.com/,Left,http://www.allsides.com/node/20345
Aquinas College Saint,http://www.aquinas.edu/thesaint/,Left,http://www.allsides.com/node/18971
Time,http://www.time.com,Left,http://www.allsides.com/node/866
MSNBC,http://www.msnbc.com/,Left,http://www.allsides.com/node/16983
The Canyon County Zephyr,http://www.canyoncountryzephyr.com/,Left,http://www.allsides.com/node/21292
AlterNet,http://www.alternet.org/,Left,http://www.allsides.com/node/30647
Center on Budget and Policy Priorities,http://www.cbpp.org,Left,http://www.allsides.com/node/2845
Raw Story,http://www.rawstory.com/,Left,http://www.allsides.com/node/8593
Mother Jones,http://www.motherjones.com/,Left,http://www.allsides.com/node/5787
Peacock Panache,http://www.peacock-panache.com/,Left,http://www.allsides.com/node/31927
Mark Begich,http://www.markbegich.com/,Left,http://www.allsides.com/node/20460
Children's Defense Fund,http://www.childrensdefense.org,Left,http://www.allsides.com/node/245
The Nation,http://www.thenation.com,Left,http://www.allsides.com/node/12196
Salon,http://www.salon.com/,Left,http://www.allsides.com/node/2889
Physicians for a National Health Program,http://www.pnhp.org/,Left,http://www.allsides.com/node/73273
New York Magazine,http://nymag.com/,Left,http://www.allsides.com/node/17907
Rolling Stone,http://www.rollingstone.com/,Left,http://www.allsides.com/node/2251
People for the American Way,http://www.pfaw.org,Left,http://www.allsides.com/node/248
Boing Boing,http://boingboing.net/,Left,http://www.allsides.com/node/22279
Mark Prior,http://pryorforsenate.com/,Left,http://www.allsides.com/node/20513
Gary Peters,http://www.petersformichigan.com,Left,http://www.allsides.com/node/20671
Huffington Post,http://www.huffingtonpost.com/,Left,http://www.allsides.com/node/85
Kay Hagan,http://www.kayhagan.com/,Left,http://www.allsides.com/node/20514
Yes! Magazine,http://www.yesmagazine.org/,Left,http://www.allsides.com/node/2939
Democracy Now,http://www.democracynow.org/,Left,http://www.allsides.com/node/11409
The Intercept,https://theintercept.com,Left,http://www.allsides.com/node/70474
Jeanne Shaheen,https://secure.actblue.com,Left,http://www.allsides.com/node/20673
Daily Kos,http://www.dailykos.com,Left,http://www.allsides.com/node/73719
Michael Kinsley,http://www.vanityfair.com/contributor/michael-kinsley,Left,http://www.allsides.com/node/29719
E J Dionne,https://www.washingtonpost.com/people/ej-dionne-jr,Left,http://www.allsides.com/node/32142
PoliticusUSA,http://www.politicususa.com/,Left,http://www.allsides.com/node/12913
EdVotes.org,http://educationvotes.nea.org,Left,http://www.allsides.com/node/3123
Economic Policy Institute,http://www.epi.org/,Left,http://www.allsides.com/node/72365
ThinkProgress,http://thinkprogress.org/,Left,http://www.allsides.com/node/12914
Socialist Alternative,http://www.socialistalternative.org/,Left,http://www.allsides.com/node/33326
Natalie Tennant,http://natalietennant.com/,Left,http://www.allsides.com/node/20676
Upworthy,http://upworthy.com,Left,http://www.allsides.com/node/19754
Blue Virginia,http://www.bluevirginia.us,Left,http://www.allsides.com/node/11608
Nicholas Kristof,http://kristof.blogs.nytimes.com/,Left,http://www.allsides.com/node/69707
Americans for Democratic Action,http://www.adaction.org,Left,http://www.allsides.com/node/2819
New Republic,http://www.newrepublic.com/,Left,http://www.allsides.com/node/13616
AARP,http://www.aarp.org/,Center,http://www.allsides.com/node/2831
ABC News,http://abcnews.go.com/,Lean Left,http://www.allsides.com/node/76
About.com,usconservatives.about.com,Not yet rated,http://www.allsides.com/node/12909
Accuracy in Media ,http://www.aim.org,Right,http://www.allsides.com/node/3946
Adrian Daily Telegram,http://www.mondotimes.com/include/click?id=3021,Not yet rated,http://www.allsides.com/node/18915
Ag Journal,http://www.agjournalonline.com/,Not yet rated,http://www.allsides.com/node/18316
Akron News Reporter,http://www.akronnewsreporter.com/,Not yet rated,http://www.allsides.com/node/18317
AL.com,http://www.al.com,Not yet rated,http://www.allsides.com/node/68976
Albany Herald,http://www.albanyherald.com/,Not yet rated,http://www.allsides.com/node/18324
Albion Daily Pleaid,http://www.albionpleiad.com/,Not yet rated,http://www.allsides.com/node/18965
Alcona Country Review,http://www.mondotimes.com/include/click?id=22487,Not yet rated,http://www.allsides.com/node/18966
Alcona County News,http://www.allegannews.com/,Not yet rated,http://www.allsides.com/node/18967
Alcona County Review,http://alconareview.com/,Not yet rated,http://www.allsides.com/node/19103
AllSides,http://www.allsides.com,Mixed,http://www.allsides.com/node/17754
Alpena Daily News,http://www.mondotimes.com/include/click?id=3025,Not yet rated,http://www.allsides.com/node/18968
American Civil Liberties Union,https://www.aclu.org/,Lean Left,http://www.allsides.com/node/215
American Conservative Union,http://conservative.org/,Right,http://www.allsides.com/node/262
American Press,http://www.americanpress.com/,Not yet rated,http://www.allsides.com/node/18188
American Spectator,http://spectator.org/,Right,http://www.allsides.com/node/10792
American Thinker,http://www.americanthinker.com/,Right,http://www.allsides.com/node/30539
Americans for Tax Reform,http://www.atr.org/,Right,http://www.allsides.com/node/252
Americus Times Reporter,http://www.americustimesrecorder.com/,Not yet rated,http://www.allsides.com/node/18327
Americus Times-Recorder,http://www.americustimesrecorder.com/,Not yet rated,http://www.allsides.com/node/18782
Ames Tribune,http://amestrib.com/,Not yet rated,http://www.allsides.com/node/18470
Anchorage Daily News,http://www.adn.com/,Not yet rated,http://www.allsides.com/node/18462
Andrew Napolitano,http://www.judgenap.com/,Right,http://www.allsides.com/node/32261
Andrews Journal,http://www.myandrewsjournal.com/,Not yet rated,http://www.allsides.com/node/18201
Ann Arbor Journal,http://heritage.com/ann_arbor_journal/,Not yet rated,http://www.allsides.com/node/18969
Ann Arbor.com,http://www.mlive.com/ann-arbor/,Not yet rated,http://www.allsides.com/node/18970
Ann Coulter,http://www.anncoulter.com/,Right,http://www.allsides.com/node/4599
Annual Review of Political Science,http://www.polisci.annualreviews.org,Not yet rated,http://www.allsides.com/node/24697
AP,http://ap.org/,Center,http://www.allsides.com/node/32855
Arab America News,http://www.arabamericannews.com/news/,Not yet rated,http://www.allsides.com/node/18974
Arab American News,http://www.arabamericannews.com/news/,Not yet rated,http://www.allsides.com/node/19064
Arenac County Independent,http://www.arenacindependent.com/,Not yet rated,http://www.allsides.com/node/19190
Arenec County Independant,http://arenacindependent.com/,Not yet rated,http://www.allsides.com/node/18976
Argus Observer,http://www.argusobserver.com/,Not yet rated,http://www.allsides.com/node/33304
Asheville Citizen-Times,http://www.citizen-times.com/,Not yet rated,http://www.allsides.com/node/18202
Ashland Daily Press,http://www.apg-wi.com/ashland_daily_press/,Not yet rated,http://www.allsides.com/node/25318
Aspen Daily News,http://www.aspendailynews.com/,Not yet rated,http://www.allsides.com/node/18318
Aspen Times,http://www.aspentimes.com/,Not yet rated,http://www.allsides.com/node/18319
Associated Press,http://www.ap.org/,Center,http://www.allsides.com/node/3515
Association for Psychological Science,http://www.psychologicalscience.org/,Center,http://www.allsides.com/node/31918
Associations Now,http://associationsnow.com/,Not yet rated,http://www.allsides.com/node/31991
Athens Banner-Herald,http://onlineathens.com/,Not yet rated,http://www.allsides.com/node/18339
Athens Banner-Herald,http://onlineathens.com/,Not yet rated,http://www.allsides.com/node/18783
Atlanta Daily World,http://atlantadailyworld.com/,Not yet rated,http://www.allsides.com/node/18341
Atlanta Journal - Constitultion,http://www.ajc.com/,Not yet rated,http://www.allsides.com/node/18346
Atlanta Journal-Constitution,http://www.ajc.com/,Lean Left,http://www.allsides.com/node/18784
Atlantic News Telegraph,http://www.swiowanewssource.com/atlantic/,Not yet rated,http://www.allsides.com/node/18472
Atlas Network,http://www.atlasnetwork.org/news,Right,http://www.allsides.com/node/19482
Atlas Network,http://www.atlasnetwork.org/media/books,Right,http://www.allsides.com/node/19482
AtlasOne,http://atlasone.org/,Lean Right,http://www.allsides.com/node/19450
Augusta Chronicle,http://chronicle.augusta.com/,Not yet rated,http://www.allsides.com/node/18349
Aurora Sentine,http://www.aurorasentinel.com/,Not yet rated,http://www.allsides.com/node/18320
Austin American-Statesman,http://www.mystatesman.com/,Lean Left,http://www.allsides.com/node/31944
AZO Cleantech,http://www.azocleantech.com/,Not yet rated,http://www.allsides.com/node/24087
Bakersfield Californian,http://www.bakersfield.com/,Not yet rated,http://www.allsides.com/node/68758
Ballotpedia,http://ballotpedia.org/,Center,http://www.allsides.com/node/30904
Baptist News Global,https://baptistnews.com/,Not yet rated,http://www.allsides.com/node/28684
Barnstable Patriot,http://www.barnstablepatriot.com/home2/,Center,http://www.allsides.com/node/25323
Barren County Progress,http://www.bgdailynews.com/marketplace/barren-county-progress-the/business_39077295.html,Not yet rated,http://www.allsides.com/node/18601
Bastrop Daily Enterprise,http://www.bastropenterprise.com/,Not yet rated,http://www.allsides.com/node/18177
Batesville Daily Guard,http://guardonline.com/,Not yet rated,http://www.allsides.com/node/18666
Battle Creek Enquirer,http://www.battlecreekenquirer.com/,Not yet rated,http://www.allsides.com/node/18979
Baxter Bulletin,http://www.baxterbulletin.com/,Not yet rated,http://www.allsides.com/node/18667
Bay City Democrat,http://bclegalnews.com/,Not yet rated,http://www.allsides.com/node/18980
Bay City Times,http://bclegalnews.com/,Not yet rated,http://www.allsides.com/node/18982
BBC News,http://www.bbc.com/,Center,http://www.allsides.com/node/11928
Bearing Drift,http://www.bearingdrift.com,Right,http://www.allsides.com/node/11607
Beauregard Daily News,http://www.beauregarddailynews.net/,Not yet rated,http://www.allsides.com/node/18180
Belleville Enterprise,http://www.associatednewspapers.net/,Not yet rated,http://www.allsides.com/node/18984
Belleville View,http://www.heritage.com/belleville_view/,Not yet rated,http://www.allsides.com/node/18985
Bent County Democrat,http://www.bcdemocratonline.com/,Not yet rated,http://www.allsides.com/node/18321
Benton County Daily Record,http://www.nwaonline.com/metro/bentonville/,Not yet rated,http://www.allsides.com/node/18668
Benton Spirit,http://bentonspiritnews.com/,Not yet rated,http://www.allsides.com/node/18986
Benzie County Record Patriot,http://recordpatriot.com/,Not yet rated,http://www.allsides.com/node/18987
Berrien County Record,http://bcrnews.net/,Not yet rated,http://www.allsides.com/node/18988
Berthoud Weekly Surveyor,http://www.berthoudsurveyor.com/,Not yet rated,http://www.allsides.com/node/18322
Beth Ballentine,http://freetothinkblog.com/,Center,http://www.allsides.com/node/32276
Between the Lines,http://pridesource.com/,Not yet rated,http://www.allsides.com/node/18989
Big Rapids Pioneer,http://bigrapidsnews.com/,Not yet rated,http://www.allsides.com/node/18991
Bill Cassidy,https://billcassidy.com/elect-a-real-conservative/?kme=google_search_ad&gclid=CIii-I3vmMECFaUF7Aod9FIAgg#/form/amount,Right,http://www.allsides.com/node/20640
Birmingham Eccentric,http://www.hometownlife.com/section/NEWS02,Not yet rated,http://www.allsides.com/node/18992
Birmingham- Bloomfield Eagle,http://www.candgnews.com/About/Eagle,Not yet rated,http://www.allsides.com/node/18995
Black Mountain News,http://www.blackmountainnews.com/,Not yet rated,http://www.allsides.com/node/18207
Blissfield Advance,http://blissfieldadvance.com/,Not yet rated,http://www.allsides.com/node/18997
Bloomberg,http://www.bloomberg.com/,Center,http://www.allsides.com/node/873
Blue Ridge Times-News,http://www.blueridgenow.com/,Not yet rated,http://www.allsides.com/node/18261
Blytheville Courier-News,http://www.couriernews.net/,Not yet rated,http://www.allsides.com/node/18669
Boone News Republicab,http://newsrepublican.com/,Not yet rated,http://www.allsides.com/node/18473
Bossier Press Tribune,http://bossierpress.com/,Not yet rated,http://www.allsides.com/node/18179
Boston Globe,http://www.bostonglobe.com/,Lean Left,http://www.allsides.com/node/8174
Boulder County Business Report,http://www.bcbr.com/,Not yet rated,http://www.allsides.com/node/18323
Boulder Daily Camera,http://www.dailycamera.com/,Not yet rated,http://www.allsides.com/node/18307
Boulder Weekly,http://www.boulderweekly.com/,Not yet rated,http://www.allsides.com/node/18325
Bowling Green Daily News,http://www.bgdailynews.com/,Lean Left,http://www.allsides.com/node/31442
Breitbart,http://www.breitbart.com/,Right,http://www.allsides.com/node/11344
Brent Bozell,http://www.mrc.org/bozells-column,Right,http://www.allsides.com/node/19025
Brighton Banner,http://brightonbanner.com/,Not yet rated,http://www.allsides.com/node/18331
Brock Press,http://www.brockpress.com/,Not yet rated,http://www.allsides.com/node/31947
Brookings Institution,https://www.brookings.edu/,Center,http://www.allsides.com/node/214
Brooklyn Exponent,http://www.theexponent.com/,Not yet rated,http://www.allsides.com/node/18999
Broomfield Enterprise,http://www.broomfieldenterprise.com/,Not yet rated,http://www.allsides.com/node/18329
Brown City Banner,http://browncitybanner.mihomepaper.com/,Not yet rated,http://www.allsides.com/node/19001
Brunswick News,http://www.thebrunswicknews.com/,Not yet rated,http://www.allsides.com/node/18353
Brush News Tribune,http://www.brushnewstribune.com/,Not yet rated,http://www.allsides.com/node/18328
Bucks County Courier Times,http://www.buckscountycouriertimes.com/,Not yet rated,http://www.allsides.com/node/32000
Burlington Record,http://www.burlington-record.com/,Not yet rated,http://www.allsides.com/node/18326
Burton View,http://burtonview.mihomepaper.com/,Not yet rated,http://www.allsides.com/node/19002
Burton View,http://burtonview.mihomepaper.com/,Not yet rated,http://www.allsides.com/node/19060
Business Insider,http://www.businessinsider.com/,Center,http://www.allsides.com/node/6702
Business Lexington,http://bizlex.com,Not yet rated,http://www.allsides.com/node/18602
Business Update,http://www.businessupdate.com/,Not yet rated,http://www.allsides.com/node/19004
Business Wire,http://www.businesswire.com/portal/site/home/news/,Not yet rated,http://www.allsides.com/node/24672
Bustle,http://www.bustle.com/,Lean Left,http://www.allsides.com/node/33124
Buzzfeed,http://Buzzfeed.com,Lean Left,http://www.allsides.com/node/9193
C-SPAN,http://www.c-span.org/,Center,http://www.allsides.com/node/21774
Cadillac New,http://www.cadillacnews.com/,Not yet rated,http://www.allsides.com/node/19040
CalMatters,http://calmatters.org/,Center,http://www.allsides.com/node/30216
CalWatchdog,http://www.calwatchdog.com/,Center,http://www.allsides.com/node/5988
Canon City Daily Record,http://www.canoncitydailyrecord.com/,Not yet rated,http://www.allsides.com/node/18314
Canton Eagle,http://www.associatednewspapers.net/,Not yet rated,http://www.allsides.com/node/19042
Canton Observer,http://www.hometownlife.com/section/NEWS03,Not yet rated,http://www.allsides.com/node/19044
Canyon Courier,http://www.canyoncourier.com/,Not yet rated,http://www.allsides.com/node/18340
Capital Gazette,http://www.capitalgazette.com/,Not yet rated,http://www.allsides.com/node/71579
Carnegie Endowment for International Peace,carnegieendowment.org,Center,http://www.allsides.com/node/225
Carriage Towne News,http://www.carriagetownenews.com/,Not yet rated,http://www.allsides.com/node/18742
Carroll Daily Times Herald,http://www.carrollspaper.com/,Not yet rated,http://www.allsides.com/node/18474
Cass City Chronicle,http://ccchronicle.net/,Not yet rated,http://www.allsides.com/node/19047
Cassopolis Vigilant,http://www.leaderpub.com/category/news/cassopolis-news/,Not yet rated,http://www.allsides.com/node/19048
Cato Institute,http://www.cato.org,Lean Right,http://www.allsides.com/node/231
CBN,http://www.cbn.com/,Right,http://www.allsides.com/node/83
CBS ,http://www.cbs.com/,Lean Left,http://www.allsides.com/node/860
Cedar Rapids Gazette,http://www.thegazette.com/,Not yet rated,http://www.allsides.com/node/18486
Cedar Springs Post,http://cedarspringspost.com/,Not yet rated,http://www.allsides.com/node/19049
Center for American Progress,http://www.americanprogress.org,Lean Left,http://www.allsides.com/node/2837
Center for Media & Democracy PR Watch,http://www.prwatch.org,Lean Left,http://www.allsides.com/node/3944
Center for Public Integrity,http://www.publicintegrity.org/,Lean Left,http://www.allsides.com/node/5970
Central Michigan Life,http://www.cm-life.com/,Not yet rated,http://www.allsides.com/node/18977
Centre View,http://www.centre-view.com,Lean Left,http://www.allsides.com/node/11609
Charles City Press,http://www.charlescitypress.com/,Not yet rated,http://www.allsides.com/node/18475
Charleston Daily Mail,http://www.charlestondailymail.com/,Not yet rated,http://www.allsides.com/node/18758
Charleston Gazette,http://www.wvgazette.com/,Not yet rated,http://www.allsides.com/node/18759
Charlevoix Courier,http://www.petoskeynews.com/charlevoix/,Not yet rated,http://www.allsides.com/node/19050
Cheboygan Daily Tribune,http://www.cheboygannews.com/,Not yet rated,http://www.allsides.com/node/19052
Chelsea Standard,http://heritage.com/chelsea_standard/,Not yet rated,http://www.allsides.com/node/19053
Cherokee Chronicle Times,http://www.chronicletimes.com/,Not yet rated,http://www.allsides.com/node/18476
Cherokee Skout,http://www.cherokeescout.com/,Not yet rated,http://www.allsides.com/node/18214
Chesaning Tri-County Citizen,http://tricountycitizen.mihomepaper.com/,Not yet rated,http://www.allsides.com/node/19054
Chicago Sun-Times,http://chicago.suntimes.com/,Lean Left,http://www.allsides.com/node/70093
Chicago Tribune,http://www.chicagotribune.com/,Center,http://www.allsides.com/node/3483
Christian Science Monitor,http://www.csmonitor.com/,Center,http://www.allsides.com/node/3893
City Lab,http://www.citylab.com,Not yet rated,http://www.allsides.com/node/71220
Civil.Ge,http://www.civil.ge/eng/,Not yet rated,http://www.allsides.com/node/32002
CivilPolitics.org,http://www.civilpolitics.org/,Center,http://www.allsides.com/node/20515
Clare County Review,http://www.clarecountyreview.com/,Not yet rated,http://www.allsides.com/node/19055
Clarkston News,http://www.clarkstonnews.com/,Not yet rated,http://www.allsides.com/node/19056
Clay County Progress,http://www.claycountyprogress.com/,Not yet rated,http://www.allsides.com/node/18215
Clinton Hearald,http://www.clintonherald.com/,Not yet rated,http://www.allsides.com/node/18477
Clio Messenger,http://www.mlive.com/clio/,Not yet rated,http://www.allsides.com/node/19057
CNBC,http://cnbc.com,Center,http://www.allsides.com/node/69852
CNET,http://www.cnet.com,Not yet rated,http://www.allsides.com/node/71739
CNN,http://www.cnn.com,Center,http://www.allsides.com/node/82
CNS News,http://www.cnsnews.com,Right,http://www.allsides.com/node/22409
CNSNews.com,http://cnsnews.com/,Right,http://www.allsides.com/node/4723
Coldwater Daily Reporter,http://www.thedailyreporter.com/,Not yet rated,http://www.allsides.com/node/19058
Colorado Springs Business Journal,http://csbj.com/,Not yet rated,http://www.allsides.com/node/18337
Colorado Springs Gazette,http://gazette.com/,Not yet rated,http://www.allsides.com/node/18306
Colorado Springs Independent,http://www.csindy.com/,Not yet rated,http://www.allsides.com/node/18336
Columbia Journalism Review,http://www.cjr.org/index.php,Not yet rated,http://www.allsides.com/node/31441
Commonwealth Journal,http://www.somerset-kentucky.com/,Not yet rated,http://www.allsides.com/node/18604
Concord Monitor,http://www.concordmonitor.com/,Not yet rated,http://www.allsides.com/node/18744
Conway Daily Sun,http://www.conwaydailysun.com/,Not yet rated,http://www.allsides.com/node/18745
Cook Report,cookpolitical.com,Center,http://www.allsides.com/node/69373
Cordele Dispatch,http://www.cordeledispatch.com/,Not yet rated,http://www.allsides.com/node/18788
Cordele Dispatch,http://www.cordeledispatch.com/,Not yet rated,http://www.allsides.com/node/18354
Cortez Journal,http://www.cortezjournal.com/,Not yet rated,http://www.allsides.com/node/18334
Cory Garden,http://corygardnerforsenate.com/,Right,http://www.allsides.com/node/20581
Cosmopolitan,http://www.cosmopolitan.com,Not yet rated,http://www.allsides.com/node/72434
Council Bluffs Daily Nonpareil,http://www.nonpareilonline.com/,Not yet rated,http://www.allsides.com/node/18478
Countable,https://www.countable.us/,Not yet rated,http://www.allsides.com/node/20532
Counter Currents,http://www.countercurrents.org/,Lean Left,http://www.allsides.com/node/71577
Counter Pointing,http://www.counterpointing.com,Mixed,http://www.allsides.com/node/70628
Counterpointing,http://www.counterpointing.com/,Mixed,http://www.allsides.com/node/71007
Covington News,http://www.covnews.com/,Not yet rated,http://www.allsides.com/node/18355
Craig Daily Press,http://www.craigdailypress.com/,Not yet rated,http://www.allsides.com/node/18333
Crain's Detroit Business,http://www.crainsdetroit.com/,Not yet rated,http://www.allsides.com/node/19070
Creative Loafing - Atlanta,http://clatl.com/,Not yet rated,http://www.allsides.com/node/18357
Creston News Advertister,http://www.crestonnewsadvertiser.com/,Not yet rated,http://www.allsides.com/node/18480
CrowdPAC,https://www.crowdpac.com/,Center,http://www.allsides.com/node/33168
CU Independent,http://cuindependent.com/,Center,http://www.allsides.com/node/33338
DAG Blog,http://www.dagblog.com,Not yet rated,http://www.allsides.com/node/24692
Daily Beast,http://www.thedailybeast.com/,Center,http://www.allsides.com/node/7544
Daily Caller,http://dailycaller.com/,Lean Right,http://www.allsides.com/node/71799
Daily Cardinal,http://www.dailycardinal.com/,Center,http://www.allsides.com/node/69792
Daily Mining Gazette,http://homerindex.com/,Not yet rated,http://www.allsides.com/node/19115
Daily Northwestern,http://dailynorthwestern.com/,Lean Left,http://www.allsides.com/node/31957
Daily Press,http://www.dailypress.com,Lean Right,http://www.allsides.com/node/11610
Daily Progress,http://www.dailyprogress.com,Center,http://www.allsides.com/node/11611
Daily Reveille,http://www.lsureveille.com/daily/,Not yet rated,http://www.allsides.com/node/31942
Daily Siftings Herald,http://www.thedailycitizen.com/,Not yet rated,http://www.allsides.com/node/18673
Daily Sitka Sentinal,http://www.sitkasentinel.com/,Not yet rated,http://www.allsides.com/node/18469
Daily Targum,http://www.dailytargum.com/,Lean Left,http://www.allsides.com/node/68578
Dalton Daily Citizen,http://www.daltondailycitizen.com/,Not yet rated,http://www.allsides.com/node/18358
Damon Linker,http://theweek.com/authors/damon-linker,Lean Left,http://www.allsides.com/node/16361
Dan Sullivan`,http://www.sullivan2014.com/,Right,http://www.allsides.com/node/20458
David Brooks,http://topics.nytimes.com/top/opinion/editorialsandoped/oped/columnists/davidbrooks/index.html,Lean Right,http://www.allsides.com/node/21248
David Ignatius,http://www.washingtonpost.com/pb/david-ignatius,Center,http://www.allsides.com/node/18460
David Perdue,https://perduesenate.com/,Right,http://www.allsides.com/node/20599
Davidson Flagstafff,http://www.mlive.com/davison/,Not yet rated,http://www.allsides.com/node/19061
Davie County Enterprise Record,http://www.ourdavie.com/,Not yet rated,http://www.allsides.com/node/18223
Davison Index,http://davisonindex.mihomepaper.com/,Not yet rated,http://www.allsides.com/node/19062
Dearborn Press and Guide,http://www.pressandguide.com/,Not yet rated,http://www.allsides.com/node/19065
Dearborn Times-Herald,http://downriversundaytimes.com/,Not yet rated,http://www.allsides.com/node/19066
Delta County Indpendent,http://www.deltacountyindependent.com/new/index.php,Not yet rated,http://www.allsides.com/node/18352
Delta-Waverly Community News,http://www.lansingstatejournal.com/section/deltawaverly,Not yet rated,http://www.allsides.com/node/18931
Denver Business Journal,http://www.bizjournals.com/denver/,Not yet rated,http://www.allsides.com/node/18351
Denver Westword,http://www.westword.com/,Not yet rated,http://www.allsides.com/node/18427
Derry News,http://www.derrynews.com/,Not yet rated,http://www.allsides.com/node/18747
Deseret News,http://www.deseretnews.com/,Lean Right,http://www.allsides.com/node/23692
DesMoines Register,http://desmoinesregister.com/,Not yet rated,http://www.allsides.com/node/18482
Detroit Free Press,http://www.freep.com/,Not yet rated,http://www.allsides.com/node/19071
Detroit Jewish News,http://www.thejewishnews.com/,Not yet rated,http://www.allsides.com/node/19072
Detroit Legal News,http://www.legalnews.com/,Not yet rated,http://www.allsides.com/node/19073
Detroit Metro Times,http://www.metrotimes.com/,Not yet rated,http://www.allsides.com/node/19074
Detroit News,http://www.detroitnews.com/,Not yet rated,http://www.allsides.com/node/19077
Detroit Telegram,http://telegramnews.net/,Not yet rated,http://www.allsides.com/node/19078
DeWitt Bath Review,http://www.lansingstatejournal.com/section/DEWITTBATH,Not yet rated,http://www.allsides.com/node/19211
Dexter Leader,http://heritage.com/dexter_leader/,Not yet rated,http://www.allsides.com/node/19091
Donaldsonville Chief,http://www.donaldsonvillechief.com/,Not yet rated,http://www.allsides.com/node/18181
Donalsonville News,http://www.donalsonvillenews.com/65329/2277/1/home,Not yet rated,http://www.allsides.com/node/18838
Douglas County Business Journal,http://www.douglascountybusiness.com/,Not yet rated,http://www.allsides.com/node/18350
Dowagiac Daily News,http://www.leaderpub.com/,Not yet rated,http://www.allsides.com/node/19093
Drudge Report,http://www.drudgereport.com/,Center,http://www.allsides.com/node/861
Duke Chronicle,http://www.dukechronicle.com/,Center,http://www.allsides.com/node/26881
Duluth News Tribune,http://www.duluthnewstribune.com/,Not yet rated,http://www.allsides.com/node/33302
Dundee Independent News,http://dundeeonline.com/,Not yet rated,http://www.allsides.com/node/19095
Eagle Times,http://www.derrynews.com/,Not yet rated,http://www.allsides.com/node/18748
Early County News,http://www.earlycountynews.com/,Not yet rated,http://www.allsides.com/node/18839
Eastern Echo,http://www.easternecho.com/,Not yet rated,http://www.allsides.com/node/19176
Eastern Echo,http://www.easternecho.com/,Not yet rated,http://www.allsides.com/node/19075
Eaton Rapids Daily News,http://www.lansingstatejournal.com/section/eatonrapids,Not yet rated,http://www.allsides.com/node/19051
Education Week,http://edweek.org,Not yet rated,http://www.allsides.com/node/72609
Edwardsburg Argus,http://www.leaderpub.com/category/news/edwardsburg/,Not yet rated,http://www.allsides.com/node/19079
El Paso County Advertiser and News,http://www.epcan.com/,Not yet rated,http://www.allsides.com/node/18347
El Vocero Hispano,http://www.elvocerous.com/,Not yet rated,http://www.allsides.com/node/19082
Environmental Defense Fund,http://www.edf.org,Lean Left,http://www.allsides.com/node/249
Ermergent,http://www.emergent.info/,Not yet rated,http://www.allsides.com/node/20459
Escanaba Daily Press,http://www.dailypress.net/,Not yet rated,http://www.allsides.com/node/19084
Estes Park Trail Gazette,http://www.eptrail.com/,Center,http://www.allsides.com/node/18345
Estherville Daily News,http://www.esthervilledailynews.com/,Not yet rated,http://www.allsides.com/node/18483
Eurek Alert,http://www.eurekalert.org/,Center,http://www.allsides.com/node/26875
Examiner.com,http://www.examiner.com/,Not yet rated,http://www.allsides.com/node/3516
Fabius Maximus,http://fabiusmaximus.com/,Not yet rated,http://www.allsides.com/node/28676
FactCheck.org,http://factcheck.org/,Center,http://www.allsides.com/node/2089
Fair.org,http://fair.org/,Center,http://www.allsides.com/node/42838
Fairbanks News Miner,http://www.newsminer.com/,Not yet rated,http://www.allsides.com/node/18463
Fairfield Daily Ledger,http://fairfield-ia.villagesoup.com/index.seam,Not yet rated,http://www.allsides.com/node/18484
Fairness and Accuracy in Reporting ,http://fair.org,Lean Left,http://www.allsides.com/node/3943
Fannin Sentinel,http://fanninsentinel.com/,Not yet rated,http://www.allsides.com/node/18840
Farmers' Advance,http://www.farmersadvance.com/,Not yet rated,http://www.allsides.com/node/19087
Farmington Observer,http://www.hometownlife.com/section/NEWS06,Not yet rated,http://www.allsides.com/node/19089
Farmington Press,http://www.candgnews.com/About/Farmington,Not yet rated,http://www.allsides.com/node/19092
Federation of American Scientists,https://fas.org/,Lean Left,http://www.allsides.com/node/236
Fenton Press,http://www.mlive.com/fenton/,Not yet rated,http://www.allsides.com/node/19094
Ferris State Torch ,http://fsutorch.com/,Not yet rated,http://www.allsides.com/node/19096
Fiscal Times,http://www.thefiscaltimes.com/,Lean Right,http://www.allsides.com/node/7786
FiveThirtyEight,http://fivethirtyeight.com/,Center,http://www.allsides.com/node/9001
FiveThirtyEight,http://fivethirtyeight.com/,Center,http://www.allsides.com/node/19713
Flint Catholic Times,http://www.catholicweekly.org/,Not yet rated,http://www.allsides.com/node/19098
Flushing Observer,http://www.mlive.com/flushing/,Not yet rated,http://www.allsides.com/node/19101
Food Democracy Now,http://www.fooddemocracynow.org/blog/,Lean Left,http://www.allsides.com/node/12007
Forbes,http://www.forbes.com/,Center,http://www.allsides.com/node/2824
Fort Madison Daily Democrat,http://www.dailydem.com/,Not yet rated,http://www.allsides.com/node/18485
Fosters Daily Democrat,http://www.fosters.com/,Not yet rated,http://www.allsides.com/node/18749
Fowler Tribune,http://www.fowlertribune.com/,Not yet rated,http://www.allsides.com/node/18342
Fox News,http://www.foxnews.com/,Right,http://www.allsides.com/node/84
Fox News Latino,http://latino.foxnews.com/index.html,Right,http://www.allsides.com/node/3512
Frank Miniter,http://frankminiter.com/,Right,http://www.allsides.com/node/32153
Frankenmuth News,http://frankenmuthnews.com/,Not yet rated,http://www.allsides.com/node/19104
Fraser-Clinton Township Chronicle,http://www.candgnews.com/About/Fraser,Not yet rated,http://www.allsides.com/node/19107
Freakonomics,http://freakonomics.com,Center,http://www.allsides.com/node/3451
Freedom House,https://freedomhouse.org/,Lean Right,http://www.allsides.com/node/16705
Fremont Times Indicator,http://www.timesindicator.com/,Not yet rated,http://www.allsides.com/node/19109
FrontPage Magazine,http://frontpagemag.com/,Right,http://www.allsides.com/node/12197
FXStreet,https://www.fxstreet.com,Not yet rated,http://www.allsides.com/node/72969
Gallup,http://www.gallup.com/,Center,http://www.allsides.com/node/24016
Garden City Observer,http://www.hometownlife.com/section/NEWS08,Not yet rated,http://www.allsides.com/node/19114
Gaston Gazette,http://www.gastongazette.com/,Not yet rated,http://www.allsides.com/node/18226
Gaylord Herald Times,http://www.petoskeynews.com/gaylord/,Not yet rated,http://www.allsides.com/node/19116
Gaylord Weekly Choice,http://www.weeklychoice.com/,Not yet rated,http://www.allsides.com/node/19117
Gazette Van Detroit,http://www.gazettevandetroit.com/,Not yet rated,http://www.allsides.com/node/19080
Gazette van Detroit,http://www.gazettevandetroit.com/,Not yet rated,http://www.allsides.com/node/19120
George Will,https://www.washingtonpost.com/people/george-f-will,Right,http://www.allsides.com/node/4233
Gizmodo,gizmodo.com,Not yet rated,http://www.allsides.com/node/69694
Gladwin County Record & Beaverton Clarion,http://www.gladwinmi.com/,Not yet rated,http://www.allsides.com/node/19122
Glamour,http://www.glamour.com/,Not yet rated,http://www.allsides.com/node/73292
Glasgow Daily Times,http://www.glasgowdailytimes.com/,Not yet rated,http://www.allsides.com/node/18607
Global Research,http://www.globalresearch.ca/about,Not yet rated,http://www.allsides.com/node/71404
Globe Gazette,http://globegazette.com/,Not yet rated,http://www.allsides.com/node/18487
Gonzales Weekly Citizen,http://www.weeklycitizen.com/,Not yet rated,http://www.allsides.com/node/18184
GOP.gov,https://www.gop.gov/,Right,http://www.allsides.com/node/2822
Graham Star,http://www.grahamstar.com/,Not yet rated,http://www.allsides.com/node/18228
Grand Blanc View,http://grandblancview.mihomepaper.com/,Not yet rated,http://www.allsides.com/node/19125
Grand Blanc View,http://grandblancview.mihomepaper.com/,Not yet rated,http://www.allsides.com/node/19063
Grand Haven Tribune,http://www.grandhaventribune.com/,Not yet rated,http://www.allsides.com/node/19127
Grand Junction Daily Sentinel,http://www.gjsentinel.com/,Not yet rated,http://www.allsides.com/node/18309
Grand Rapids Business Journal,http://www.grbj.com/,Not yet rated,http://www.allsides.com/node/19128
Grand Rapids Press,http://www.mlive.com/grand-rapids/#/0,Not yet rated,http://www.allsides.com/node/19130
Grand Rapids Times,http://www.grtimes.com/,Not yet rated,http://www.allsides.com/node/19136
Grand Valley Advance,http://www.mlive.com/advancenewspapers/,Not yet rated,http://www.allsides.com/node/19138
Grand Valley Advance,http://www.mlive.com/advancenewspapers/,Not yet rated,http://www.allsides.com/node/19123
Grand Valley Lanthorn,http://www.lanthorn.com/,Not yet rated,http://www.allsides.com/node/19139
Gratiot County Herald,http://gcherald.com/,Not yet rated,http://www.allsides.com/node/19134
Gratiot County Herald,http://gcherald.com/,Not yet rated,http://www.allsides.com/node/19140
Greensboro News and Record,http://www.news-record.com/,Not yet rated,http://www.allsides.com/node/18229
Greenville Daily News,http://thedailynews.cc/,Not yet rated,http://www.allsides.com/node/19142
Grosse Pointe News,http://www.grossepointenews.com/,Not yet rated,http://www.allsides.com/node/19143
Grosse Pointe Times,http://www.candgnews.com/About/Grosse-Pointe,Not yet rated,http://www.allsides.com/node/19144
Gunnison Country Times,http://www.gunnisontimes.com/,Not yet rated,http://www.allsides.com/node/18395
Gwinnett Daily post,http://www.gwinnettdailypost.com/,Not yet rated,http://www.allsides.com/node/18359
Gwinnett Daily Post,http://www.gwinnettdailypost.com/,Not yet rated,http://www.allsides.com/node/18856
Hampton Roads Messanger,http://www.hamptonroadsmessenger.com/,Center,http://www.allsides.com/node/11674
Hamtramak Review,http://www.thehamtramckreview.com/,Not yet rated,http://www.allsides.com/node/19097
Harbor Country News,http://harborcountry-news.com/,Not yet rated,http://www.allsides.com/node/18990
Harbor Light,http://harborlightnews.com/,Not yet rated,http://www.allsides.com/node/19100
Harper Woods Advertiser Times,http://www.candgnews.com/About/Ad-Times,Not yet rated,http://www.allsides.com/node/19102
Harvard Business School,http://hbswk.hbs.edu/,Lean Left,http://www.allsides.com/node/31202
Hastings Banner,http://hastingsbanner.com/,Not yet rated,http://www.allsides.com/node/19106
Hastings Reminder,http://hastingsreminder.com/,Not yet rated,http://www.allsides.com/node/19108
Haxtun-Fleming Herald,http://www.hfherald.com/,Not yet rated,http://www.allsides.com/node/18394
Healthcare.gov,http://www.healthcare.gov/,Lean Left,http://www.allsides.com/node/2737
Henderson Gleaner,http://www.courierpress.com/gleaner,Not yet rated,http://www.allsides.com/node/18612
Henry Daily Herald,http://www.henryherald.com/,Not yet rated,http://www.allsides.com/node/18362
Henry Daily Herald,http://www.henryherald.com/,Not yet rated,http://www.allsides.com/node/18858
Herald-Dispatch,http://www.herald-dispatch.com/,Not yet rated,http://www.allsides.com/node/18761
Herald-Palladium,http://www.heraldpalladium.com/,Not yet rated,http://www.allsides.com/node/19212
Heritage Foundation,http://www.heritage.org/,Lean Right,http://www.allsides.com/node/226
Hickory Daily Record,http://www.hickoryrecord.com/,Not yet rated,http://www.allsides.com/node/18232
High Country Press,http://www.hcpress.com/,Not yet rated,http://www.allsides.com/node/18233
High County News,http://www.hcn.org/,Not yet rated,http://www.allsides.com/node/18392
High Point Enterprise,http://www.hpe.com/,Not yet rated,http://www.allsides.com/node/18234
Hillsdale Daily News,http://www.hillsdale.net/,Not yet rated,http://www.allsides.com/node/19110
Holland Sentinal,http://www.hollandsentinel.com/,Not yet rated,http://www.allsides.com/node/19111
Holt Community News,http://www.lansingstatejournal.com/section/holt,Not yet rated,http://www.allsides.com/node/19112
Homer Index,http://homerindex.com/,Not yet rated,http://www.allsides.com/node/19113
Hope Star,http://www.hopestar.com/,Not yet rated,http://www.allsides.com/node/18677
HotAir,http://hotair.com/,Lean Right,http://www.allsides.com/node/869
Houghton Lake Register,http://www.houghtonlakeresorter.com/,Not yet rated,http://www.allsides.com/node/19118
Houma Today,http://www.houmatoday.com/,Not yet rated,http://www.allsides.com/node/18186
Howard Kurtz,http://www.foxnews.com/person/k/howard-kurtz.html,Center,http://www.allsides.com/node/7570
Hudson Post-Gazette,http://www.hudsonpg.com/,Not yet rated,http://www.allsides.com/node/19121
In These Times,http://inthesetimes.com/,Not yet rated,http://www.allsides.com/node/72457
Independent Institute,http://www.independent.org,Lean Right,http://www.allsides.com/node/30863
Independent Journal Review,http://www.ijreview.com/,Lean Right,http://www.allsides.com/node/28557
Indiana Daily Student,http://www.idsnews.com/,Center,http://www.allsides.com/node/31933
Indy Online,https://www.theindyonline.com/,Center,http://www.allsides.com/node/31929
Indy Week,http://www.indyweek.com/,Lean Left,http://www.allsides.com/node/31984
InfoWars,http://www.infowars.com/,Right,http://www.allsides.com/node/69083
InsideGov,http://www.insidegov.com/,Not yet rated,http://www.allsides.com/node/29892
InsideSources,http://www.insidesources.com/,Not yet rated,http://www.allsides.com/node/30535
Intermountain Jewish News,http://www.ijn.com/,Not yet rated,http://www.allsides.com/node/18391
International Business Times,http://www.ibtimes.com/,Center,http://www.allsides.com/node/2742
International Policy Digest,http://www.intpolicydigest.org,Not yet rated,http://www.allsides.com/node/25309
International Trade Administration,http://trade.gov/index.asp,Not yet rated,http://www.allsides.com/node/72456
Investor's Business Daily,http://www.investors.com,Lean Right,http://www.allsides.com/node/18001
Ionia Sentinel-Standard,http://www.sentinel-standard.com/,Not yet rated,http://www.allsides.com/node/19129
Iowa City Press-Citizen,http://www.press-citizen.com/,Not yet rated,http://www.allsides.com/node/18489
Iron County Reporter,http://www.ironcountyreporter.com/,Not yet rated,http://www.allsides.com/node/19132
Iron Mountain Daily News,http://www.ironmountaindailynews.com/,Not yet rated,http://www.allsides.com/node/19131
Ironwood Daily Globe,http://yourdailyglobe.com/,Not yet rated,http://www.allsides.com/node/19133
IVN,http://www.ivn.us,Center,http://www.allsides.com/node/17998
Jackson City Patriot,http://www.mlive.com/jackson/,Not yet rated,http://www.allsides.com/node/19135
Jackson County Legal News,http://www.legalnews.com/jackson/,Not yet rated,http://www.allsides.com/node/19145
Jacksonville Daily News,http://www.jdnews.com/,Not yet rated,http://www.allsides.com/node/18235
Jacksonville Patriot,http://pulaskinews.net/jacksonville-patriot,Not yet rated,http://www.allsides.com/node/18678
James Poulos,theweek.com/authors/james-poulos,Right,http://www.allsides.com/node/72051
Jefferson Post,http://www.jeffersonpost.com/,Not yet rated,http://www.allsides.com/node/18236
John Fund,http://www.nationalreview.com/author/john-fund,Lean Right,http://www.allsides.com/node/26292
John Fund,http://spectator.org/bios/john-h-fund,Lean Right,http://www.allsides.com/node/26292
John Fund,http://topics.wsj.com/person/F/john-fund/5467,Lean Right,http://www.allsides.com/node/26292
John Stossel,http://www.foxbusiness.com/person/s/john-stossel.html,Lean Right,http://www.allsides.com/node/2240
Jonesboro Sun,http://www.jonesborosun.com/,Not yet rated,http://www.allsides.com/node/18679
Joni Ernst,http://www.joniforiowa.com/search-bumper-sticker/?gclid=CNn9t8TRlsECFbNj7Aod11sAug,Right,http://www.allsides.com/node/20601
Journal-Advocate,http://www.journal-advocate.com/,Not yet rated,http://www.allsides.com/node/18361
Journalist's Resource,http://journalistsresource.org/,Center,http://www.allsides.com/node/71549
Judicial Watch,http://www.judicialwatch.org,Lean Right,http://www.allsides.com/node/71599
Julesburg Advocate,http://www.julesburgadvocate.com/,Not yet rated,http://www.allsides.com/node/18360
Juneau Empire,http://www.JuneauEmpire.com,Not yet rated,http://www.allsides.com/node/18464
Kalamazoo Gazette,http://www.mlive.com/kalamazoo/,Not yet rated,http://www.allsides.com/node/18916
Kellogg Insight,http://insight.kellogg.northwestern.edu/,Not yet rated,http://www.allsides.com/node/28746
Kentucky New Era,http://www.kentuckynewera.com/,Not yet rated,http://www.allsides.com/node/18629
Keokuk Daily Gate City,http://www.dailygate.com/,Not yet rated,http://www.allsides.com/node/18490
Ketchikan Daily News,http://www.ketchikandailynews.com/,Not yet rated,http://www.allsides.com/node/18465
Kinston Free Press,http://www.kinston.com/,Not yet rated,http://www.allsides.com/node/18237
Kiowa County Press,http://www.kiowacountypress.com/,Not yet rated,http://www.allsides.com/node/18356
Kodiak Daily Mirror,http://kodiakdailymirror.com/,Not yet rated,http://www.allsides.com/node/18466
KSL,http://www.ksl.com/,Right,http://www.allsides.com/node/25602
KSTU,http://fox13now.com/category/news/,Not yet rated,http://www.allsides.com/node/25601
KTVX- Good4Utah,http://www.good4utah.com/home,Not yet rated,http://www.allsides.com/node/25603
KUTV,http://www.kutv.com/index.shtml,Not yet rated,http://www.allsides.com/node/25600
La Junta Tribune-Democrat,http://www.lajuntatribunedemocrat.com/?refresh=true,Not yet rated,http://www.allsides.com/node/18402
La Prensa de Toledo,http://www.laprensa1.com/,Not yet rated,http://www.allsides.com/node/19081
Laconia Daily Sun,http://www.laconiadailysun.com/,Not yet rated,http://www.allsides.com/node/18751
LaGrange Daily News,http://lagrangenews.com/,Not yet rated,http://www.allsides.com/node/18363
LaGrange Daily News,http://lagrangenews.com/,Not yet rated,http://www.allsides.com/node/18859
Lake Orion Review,http://www.lakeorionreview.com/,Not yet rated,http://www.allsides.com/node/18928
Lakeview Enterprise,http://www.lakeviewareanewspaper.com/,Not yet rated,http://www.allsides.com/node/18929
Lanhee Chen,http://www.bloombergview.com/contributors/lanhee-j-chen/articles,Right,http://www.allsides.com/node/21417
Lansing City Pulse ,http://www.lansingcitypulse.com/lansing/,Not yet rated,http://www.allsides.com/node/18932
Lansing State Journal,http://www.lansingstatejournal.com/,Not yet rated,http://www.allsides.com/node/18933
Lansing State Journal,http://www.lansingstatejournal.com/section/eatonrapids,Not yet rated,http://www.allsides.com/node/19076
Lapeer Area View,http://lapeerareaview.mihomepaper.com/,Not yet rated,http://www.allsides.com/node/18934
Lapeer County Press,http://thecountypress.mihomepaper.com/,Not yet rated,http://www.allsides.com/node/18935
Las Vegas Sun,http://lasvegassun.com/,Lean Left,http://www.allsides.com/node/32533
Law Week Colorado,http://www.lawweekonline.com/,Not yet rated,http://www.allsides.com/node/18400
Lawrence Journal World,http://www2.ljworld.com/,Not yet rated,http://www.allsides.com/node/31322
Leader-News,http://www.ky-leadernews.com/,Not yet rated,http://www.allsides.com/node/18631
Ledger-Enquirer,http://www.ledger-enquirer.com/,Not yet rated,http://www.allsides.com/node/18364
Ledger-Enquirer,http://www.ledger-enquirer.com/,Not yet rated,http://www.allsides.com/node/18860
Leelanau Enterprise	,http://www.leelanaunews.com/,Not yet rated,http://www.allsides.com/node/18939
Leesburg Today,http://www.leesburgtoday.com,Lean Right,http://www.allsides.com/node/11676
Leesville Daily Leader,http://www.leesvilledailyleader.com/,Not yet rated,http://www.allsides.com/node/18189
LeMars Daily Sentinel,http://www.lemarssentinel.com/,Not yet rated,http://www.allsides.com/node/18491
Lexington Herald-Leader,http://www.kentucky.com/,Not yet rated,http://www.allsides.com/node/18632
Life on Capitol Hill,http://www.lifeoncaphill.com/,Not yet rated,http://www.allsides.com/node/18398
Lincoln Times-News,http://www.lincolntimesnews.com/,Not yet rated,http://www.allsides.com/node/18238
Live Action News,http://liveactionnews.org/,Lean Right,http://www.allsides.com/node/71477
Living Room Conversations,http://www.livingroomconversations.org/,Mixed,http://www.allsides.com/node/29270
Livingston County Daily Press,http://www.livingstondaily.com/,Not yet rated,http://www.allsides.com/node/19119
Livonia Observer,http://www.hometownlife.com/apps/pbcs.dll/section?Category=NEWS10,Not yet rated,http://www.allsides.com/node/18941
London School of Economics,http://blogs.lse.ac.uk/usappblog/,Not yet rated,http://www.allsides.com/node/28680
Longmont Times-Call,http://www.timescall.com/,Lean Left,http://www.allsides.com/node/18310
Los Angeles Times,http://www.latimes.com/,Lean Left,http://www.allsides.com/node/862
Loudoun Times-Mirror,http://www.loudountimes.com/,Not yet rated,http://www.allsides.com/node/31997
Louisville Courier-Journal,http://www.courier-journal.com/,Lean Left,http://www.allsides.com/node/18156
Louisville Eccentric Observer,http://www.leoweekly.com/,Not yet rated,http://www.allsides.com/node/18633
Lowell Ledger,http://lowellbuyersguide.com/,Not yet rated,http://www.allsides.com/node/18942
Ludington Daily News,http://www.shorelinemedia.net/ludington_daily_news/,Not yet rated,http://www.allsides.com/node/18943
Lyons Recorder,http://www.lyonsrecorder.com/,Not yet rated,http://www.allsides.com/node/18397
Mackinac Island Town Crier,http://www.mackinacislandnews.com/,Not yet rated,http://www.allsides.com/node/18944
Macomb County Advisor and Source,http://www.sourcenewspapers.com/,Not yet rated,http://www.allsides.com/node/19170
Macomb Daily,http://www.macombdaily.com/,Not yet rated,http://www.allsides.com/node/18973
Macomb Township Chronicle,http://www.candgnews.com/About/Macomb,Not yet rated,http://www.allsides.com/node/18945
Macon County News,http://www.maconnews.com/,Not yet rated,http://www.allsides.com/node/18239
Madison-Park News,http://www.candgnews.com/About/Madison,Not yet rated,http://www.allsides.com/node/18946
Malvern Daily Record,http://www.malvern-online.com/,Not yet rated,http://www.allsides.com/node/18681
Manchester Enterprise,http://heritage.com/manchester_enterprise/,Not yet rated,http://www.allsides.com/node/18947
Manhattan Institute,http://www.manhattan-institute.org,Lean Right,http://www.allsides.com/node/263
Manistee News Advocate,http://manisteenews.com/,Not yet rated,http://www.allsides.com/node/18948
Manistique Pioneer-Tribune,http://www.pioneertribune.com/,Not yet rated,http://www.allsides.com/node/18949
Marietta Daily Journal,http://mdjonline.com/,Not yet rated,http://www.allsides.com/node/18365
Marietta Daily Journal,http://mdjonline.com/,Not yet rated,http://www.allsides.com/node/18861
Marion Press,http://www.marion-press.com/,Not yet rated,http://www.allsides.com/node/18950
Marlette Leader,http://www.michigansthumb.com/marlette_leader/,Not yet rated,http://www.allsides.com/node/18955
Marshall Advisor & Chronicle,http://advisor-chronicle.com/,Not yet rated,http://www.allsides.com/node/18958
Marshalltown Times Republican,http://www.timesrepublican.com/,Not yet rated,http://www.allsides.com/node/18492
Media Research Center,http://www.mrc.org/bias-alerts/feed,Right,http://www.allsides.com/node/3945
Mediaite,http://www.mediaite.com/,Lean Left,http://www.allsides.com/node/19240
MediaPost,http://www.mediapost.com/,Not yet rated,http://www.allsides.com/node/31931
Medical Daily,http://www.medicaldaily.com,Not yet rated,http://www.allsides.com/node/24694
Medical News Today,http://www.medicalnewstoday.com/,Not yet rated,http://www.allsides.com/node/2754
Messenger-Inquirer,http://www.messenger-inquirer.com/,Not yet rated,http://www.allsides.com/node/18634
Metrocosm,meotrocosm.com,Not yet rated,http://www.allsides.com/node/69751
Mic,http://mic.com/,Not yet rated,http://www.allsides.com/node/28754
Michael Brendan Dougherty,http://theweek.com/authors/michael-brendan-dougherty,Lean Right,http://www.allsides.com/node/29233
MichelleMalkin.com,http://michellemalkin.com/,Right,http://www.allsides.com/node/68839
Michigan Arab Times,http://www.michiganarabtimes.com/,Not yet rated,http://www.allsides.com/node/19067
Michigan Bulletin ,http://www.mibulletin.org/vol18i003/p01frontpage/index.shtml,Not yet rated,http://www.allsides.com/node/18938
Michigan Catholic,http://www.themichigancatholic.org/,Not yet rated,http://www.allsides.com/node/19083
Michigan Chronicle,http://michronicleonline.com/,Not yet rated,http://www.allsides.com/node/19085
Michigan Citizen,http://michigancitizen.com/,Not yet rated,http://www.allsides.com/node/19086
Michigan Daily,https://www.michigandaily.com/,Lean Left,http://www.allsides.com/node/31959
Michigan Journal,http://michiganjournal.org/,Not yet rated,http://www.allsides.com/node/19068
Middleville Sun & News,http://hastingsreminder.com/,Not yet rated,http://www.allsides.com/node/18959
Midland Daily News,http://www.ourmidland.com/,Not yet rated,http://www.allsides.com/node/18960
Milan News-Leader,http://www.heritage.com/milan_news_leader/,Not yet rated,http://www.allsides.com/node/18961
Milford Times,http://www.hometownlife.com/section/NEWS11?odyssey=refresh,Not yet rated,http://www.allsides.com/node/18962
Miller County Liberal,http://www.millercountyliberal.com/,Not yet rated,http://www.allsides.com/node/18862
Minden Press-Herald,http://www.press-herald.com/,Not yet rated,http://www.allsides.com/node/18190
Mining Journal,http://www.miningjournal.net/,Not yet rated,http://www.allsides.com/node/18957
MIT News,http://news.mit.edu,Center,http://www.allsides.com/node/71574
Mitch McConnell,http://www.teammitch.com,Right,http://www.allsides.com/node/20344
Monroe Evening News,http://www.monroenews.com/,Not yet rated,http://www.allsides.com/node/18964
Monte Vista Journal,http://www.montevistajournal.com/v2_main_page.php,Not yet rated,http://www.allsides.com/node/18405
Montrose Daily Press,http://www.montrosepress.com/,Not yet rated,http://www.allsides.com/node/18404
Morgan Jacobsen,http://www.deseretnews.com/author/23100/Morgan-Jacobsen.html,Center,http://www.allsides.com/node/23810
Morning Call,http://www.mcall.com/,Not yet rated,http://www.allsides.com/node/28670
Mount Airy News,http://www.mtairynews.com/,Not yet rated,http://www.allsides.com/node/18240
Mount Clemens Journal,http://www.candgnews.com/About/Journal,Not yet rated,http://www.allsides.com/node/18975
Mount Pleasant News,http://mt-pleasant-ia.villagesoup.com/index.seam,Not yet rated,http://www.allsides.com/node/18494
Mountain Xpress,http://mountainx.com/,Not yet rated,http://www.allsides.com/node/18241
Mt. Pleasant Morning Sun,http://www.themorningsun.com/,Not yet rated,http://www.allsides.com/node/18978
Muscatine Journal,http://www.muscatinejournal.com/,Not yet rated,http://www.allsides.com/node/18495
Muskegon Chronicle,http://www.mlive.com/muskegon/,Not yet rated,http://www.allsides.com/node/18981
Nashua Broadcaster,http://www.freebroadcaster.com/,Not yet rated,http://www.allsides.com/node/18752
Nashua Telegraph,http://www.nashuatelegraph.com/,Not yet rated,http://www.allsides.com/node/18755
National Interest,http://nationalinterest.org/,Center,http://www.allsides.com/node/70084
National Journal,http://www.nationaljournal.com/,Center,http://www.allsides.com/node/2913
National Press Foundation,http://www.nationalpress.org,Not yet rated,http://www.allsides.com/node/11462
National Review,http://www.nationalreview.com/,Right,http://www.allsides.com/node/3411
NBC News,http://www.nbcnews.com,Lean Left,http://www.allsides.com/node/864
NBC Today Show,http://www.today.com/,Lean Left,http://www.allsides.com/node/863
New Baltimore Voice,http://www.voicenews.com/,Not yet rated,http://www.allsides.com/node/18983
New Economy Working Group,http://www.ips-dc.org/,Lean Left,http://www.allsides.com/node/2827
New York Post,http://www.nypost.com/,Right,http://www.allsides.com/node/3852
New York Times,http://www.nytimes.com/,Lean Left,http://www.allsides.com/node/87
Newberry News,http://www.newberry-news.com/,Not yet rated,http://www.allsides.com/node/18993
Newnan Times Herald,http://www.times-herald.com/,Not yet rated,http://www.allsides.com/node/18367
Newnan Times-Herald,http://www.times-herald.com/,Not yet rated,http://www.allsides.com/node/18865
News and Observer,http://www.newsobserver.com/,Not yet rated,http://www.allsides.com/node/18242
News Democrat & Leader,http://www.newsdemocratleader.com/,Not yet rated,http://www.allsides.com/node/18635
News Wise,http://newswise.com/,Not yet rated,http://www.allsides.com/node/29164
News-Topic,http://www.newstopic.net/,Not yet rated,http://www.allsides.com/node/18243
NewsBusters,http://www.newsbusters.org,Right,http://www.allsides.com/node/3947
Newsmax,http://www.newsmax.com/,Right,http://www.allsides.com/node/872
Newsweek,http://www.thedailybeast.com/newsweek.html,Lean Left,http://www.allsides.com/node/865
Newton Daily News,http://www.newtondailynews.com/,Not yet rated,http://www.allsides.com/node/18496
Niles Daily Star,http://www.leaderpub.com/,Not yet rated,http://www.allsides.com/node/18994
NMPolitics.net,http://nmpolitics.net/,Center,http://www.allsides.com/node/33328
No Labels,http://www.nolabels.org,Center,http://www.allsides.com/node/4566
North Forty News,http://www.northfortynews.com/,Not yet rated,http://www.allsides.com/node/18422
Northern Colorado Business Report,http://www.ncbr.com/,Not yet rated,http://www.allsides.com/node/18421
Northern Express Weekly,http://www.northernexpress.com/michigan/,Not yet rated,http://www.allsides.com/node/19166
Northville Eagle,http://www.associatednewspapers.net/,Not yet rated,http://www.allsides.com/node/18996
Northville Record,http://www.hometownlife.com/section/NEWS12,Not yet rated,http://www.allsides.com/node/18998
Northwest Arkansas Times,http://www.malvern-online.com/,Not yet rated,http://www.allsides.com/node/18682
Novi News,http://www.hometownlife.com/section/NEWS13,Not yet rated,http://www.allsides.com/node/19003
NPR,http://www.npr.org/,Center,http://www.allsides.com/node/86
NY Daily News,http://www.nydailynews.com/,Not yet rated,http://www.allsides.com/node/28672
Oakland Post,http://www.oaklandpostonline.com/,Not yet rated,http://www.allsides.com/node/19156
Oakland Press,http://www.theoaklandpress.com/,Not yet rated,http://www.allsides.com/node/19150
Oceana's Herald-Journal,http://www.shorelinemedia.net/oceanas_herald_journal/,Not yet rated,http://www.allsides.com/node/19105
Ocilla Star,http://www.theocillastar.com/,Not yet rated,http://www.allsides.com/node/18396
Odyssey Online,http://theodysseyonline.com/,Not yet rated,http://www.allsides.com/node/68611
Ogemaw County Herald,http://ogemawherald.com/,Not yet rated,http://www.allsides.com/node/19173
Olewein Daily Register,http://www.communitynewspapergroup.com/oelwein_daily_register/,Not yet rated,http://www.allsides.com/node/18497
Onaway Outlook,http://demo.piadvance.com/category/onaway-outlook/,Not yet rated,http://www.allsides.com/node/19178
Ontonagon Herald,http://www.ontonagonherald.com/,Not yet rated,http://www.allsides.com/node/19179
OpenSecrets.org,http://www.opensecrets.org,Center,http://www.allsides.com/node/6174
Orange County Register,http://www.ocregister.com/,Lean Right,http://www.allsides.com/node/28649
Osceola Herald Review,http://theheraldreview.com/,Not yet rated,http://www.allsides.com/node/19155
Oscoda County Herald,http://oscodaherald.com/,Not yet rated,http://www.allsides.com/node/18963
Oskaloosa Herald,http://www.oskaloosaherald.com/,Not yet rated,http://www.allsides.com/node/18498
Ottumwa Courier,http://www.ottumwa.com/,Not yet rated,http://www.allsides.com/node/18499
Owosso Argus-Press,http://www.argus-press.com/,Not yet rated,http://www.allsides.com/node/19180
Owosso Independent,http://www.owossoindependent.com/,Not yet rated,http://www.allsides.com/node/19181
Oxford University Press,http://blog.oup.com/,Not yet rated,http://www.allsides.com/node/26887
Pacific Research Institute,http://www.pacificresearch.org/,Right,http://www.allsides.com/node/3406
Pacific Standard,http://www.psmag.com/,Lean Left,http://www.allsides.com/node/24682
Paragould Daily Press,http://www.paragoulddailypress.com/,Not yet rated,http://www.allsides.com/node/18683
Park City Daily News,http://www.bgdailynews.com/,Not yet rated,http://www.allsides.com/node/18658
Patriot Post,http://patriotpost.us/,Not yet rated,http://www.allsides.com/node/28708
Paw Paw Courier-Leader,http://www.pawpawcourierleader.com/,Not yet rated,http://www.allsides.com/node/19146
PBS NewsHour,http://www.pbs.org/newshour/,Center,http://www.allsides.com/node/12871
Peggy Noonan,http://www.peggynoonan.com/,Right,http://www.allsides.com/node/1906
Penasee Globe,http://www.mlive.com/wayland/,Not yet rated,http://www.allsides.com/node/19147
Peninsula Clarion,http://peninsulaclarion.com/,Not yet rated,http://www.allsides.com/node/18467
Penn Live,http://www.pennlive.com/,Not yet rated,http://www.allsides.com/node/29161
Petoskey News Review,http://www.petoskeynews.com/,Not yet rated,http://www.allsides.com/node/19148
Philly.com,http://www.philly.com/,Not yet rated,http://www.allsides.com/node/25316
Phys.org,http://phys.org/,Not yet rated,http://www.allsides.com/node/28706
Pine Bluff Commercial,http://pbcommercial.com/,Not yet rated,http://www.allsides.com/node/18684
Pine River Times,http://www.pinerivertimes.com/apps/pbcs.dll/section?category=prt,Not yet rated,http://www.allsides.com/node/18418
Pittsburgh Post-Gazette,http://www.post-gazette.com,Lean Right,http://www.allsides.com/node/71386
PJ Media,https://pjmedia.com/,Not yet rated,http://www.allsides.com/node/31953
Plainwell & Otsego Union Enterprise,http://www.allegannews.com/union-enterprise,Not yet rated,http://www.allsides.com/node/19184
Plymouth Observer,http://www.hometownlife.com/section/NEWS15,Not yet rated,http://www.allsides.com/node/19149
Polish Times,http://www.mypolishtimes.com/,Not yet rated,http://www.allsides.com/node/19171
Politico,http://www.politico.com/,Center,http://www.allsides.com/node/88
PolitiFact,http://www.politifact.com/,Lean Left,http://www.allsides.com/node/2088
Port Huron Times-Herald,http://www.thetimesherald.com/,Not yet rated,http://www.allsides.com/node/19152
Portland Press Herarld,http://www.pressherald.com/,Center,http://www.allsides.com/node/33330
Portland review and Observer,http://www.lansingstatejournal.com/section/portland,Not yet rated,http://www.allsides.com/node/19153
Portsmouth Herald,http://www.seacoastonline.com/,Not yet rated,http://www.allsides.com/node/18754
Post Searchlight,http://www.thepostsearchlight.com/,Not yet rated,http://www.allsides.com/node/31920
Post South,http://www.postsouth.com/,Not yet rated,http://www.allsides.com/node/18195
Prager University,http://www.prageru.com,Right,http://www.allsides.com/node/2568
Presque Isle County Advance,http://demo.piadvance.com/,Not yet rated,http://www.allsides.com/node/19159
PRI (Public Radio International),http://www.pri.org/,Center,http://www.allsides.com/node/28689
Princeton University Press Blog,http://blog.press.princeton.edu/,Not yet rated,http://www.allsides.com/node/72163
ProCon.org,http://www.procon.org/,Mixed,http://www.allsides.com/node/29495
Project Syndicate,http://www.project-syndicate.org/,Not yet rated,http://www.allsides.com/node/28693
ProPublica,http://www.propublica.org/,Center,http://www.allsides.com/node/5971
PXW News,http://www.pxw.news,Center,http://www.allsides.com/node/32813
Quad-City Times,http://www.qctimes.com/,Not yet rated,http://www.allsides.com/node/18500
Quartz,http://qz.com/,Center,http://www.allsides.com/node/32398
Quinnipiac University,https://www.qu.edu/news-and-events/quinnipiac-university-poll/,Center,http://www.allsides.com/node/69721
Ralph Benko,http://www.forbes.com/sites/ralphbenko/,Right,http://www.allsides.com/node/70179
Ralph Benko,http://finance.townhall.com/columnists/ralphbenko/,Right,http://www.allsides.com/node/70179
Ralph Benko,http://thepulse2016.com/author/ralph-benko/,Right,http://www.allsides.com/node/70179
RAND Corporation,http://www.rand.org,Lean Left,http://www.allsides.com/node/222
Real Clear Politics,http://www.realclearpolitics.com/,Center,http://www.allsides.com/node/1908
Reason,http://reason.org/,Lean Right,http://www.allsides.com/node/1969
Reason,http://reason.com/press/in-the-news/atom.xml,Lean Right,http://www.allsides.com/node/1969
Reason Foundation,http://reason.org/,Lean Right,http://www.allsides.com/node/1968
Record Journal,http://www.myrecordjournal.com/home/,Center,http://www.allsides.com/node/31939
RedBlueDictionary.org,http://redbluedictionary.org/wp-content/uploads/2016/04/RedblueDict-1200.png,Mixed,http://www.allsides.com/node/72920
redefinED,http://www.redefinedonline.org/,Center,http://www.allsides.com/node/18581
Redford Observer,http://www.hometownlife.com/section/NEWS16,Not yet rated,http://www.allsides.com/node/19154
Register-Herald,http://www.register-herald.com/,Not yet rated,http://www.allsides.com/node/18757
Religion News Service,http://www.religionnews.com/,Not yet rated,http://www.allsides.com/node/28687
Rem Reider,http://www.usatoday.com/staff/4055/rem-rieder/,Center,http://www.allsides.com/node/20158
Rem Reider,http://www.journalism.org/news-author/rem-rieder/,Center,http://www.allsides.com/node/20158
Reporter-Herald,http://www.reporterherald.com/,Not yet rated,http://www.allsides.com/node/18312
Reuters,http://www.reuters.com/,Center,http://www.allsides.com/node/3514
Richmond Register,http://www.richmondregister.com/,Not yet rated,http://www.allsides.com/node/18659
Richmond Times Dispatch,http://www.richmond.com/,Lean Right,http://www.allsides.com/node/31961
Rick Ungar,http://www.forbes.com/sites/rickungar/,Lean Left,http://www.allsides.com/node/8184
Right Side News,http://www.rightsidenews.com/,Right,http://www.allsides.com/node/3490
Rob Maness,http://www.robmaness.com/,Right,http://www.allsides.com/node/20639
Rochester Post,http://www.candgnews.com/About/Post,Not yet rated,http://www.allsides.com/node/19157
Rockford Squire,http://rockfordsquire.com/,Not yet rated,http://www.allsides.com/node/19158
Rockingham Now,http://www.news-record.com/rockingham_now/,Not yet rated,http://www.allsides.com/node/18246
Rome News-Tribune,http://www.northwestgeorgianews.com/,Not yet rated,http://www.allsides.com/node/18415
Romeo Observer,http://www.romeoobserver.com/,Not yet rated,http://www.allsides.com/node/19160
Rosscommon County Voice,http://roscovoice.com/,Not yet rated,http://www.allsides.com/node/19161
Royal Oak Daily Tribune,http://www.dailytribune.com/,Not yet rated,http://www.allsides.com/node/19162
RT,https://www.rt.com/,Not yet rated,http://www.allsides.com/node/72971
Ruston Daily Leader,http://www.rustonleader.com/,Not yet rated,http://www.allsides.com/node/18196
Saginaw News,http://www.mlive.com/news/saginaw/,Not yet rated,http://www.allsides.com/node/19209
Saginaw Township Times,http://www.twptimes.com/,Not yet rated,http://www.allsides.com/node/19210
Saint Peters Blog,http://www.saintpetersblog.com/,Not yet rated,http://www.allsides.com/node/31194
Saline Courier,http://www.bentoncourier.com/,Not yet rated,http://www.allsides.com/node/18685
Saline Reporter Journal,http://heritage.com/saline_reporter/,Not yet rated,http://www.allsides.com/node/19213
Salisbury Post,http://www.salisburypost.com/,Not yet rated,http://www.allsides.com/node/18251
Sampson Independent,http://www.clintonnc.com/,Not yet rated,http://www.allsides.com/node/18253
San Jose Mercury News,http://www.mercurynews.com/,Lean Left,http://www.allsides.com/node/18892
Sandusky Tribune,http://sanduskytribune.com/,Not yet rated,http://www.allsides.com/node/19069
Sanilac County News,http://sanilaccountynews.mihomepaper.com/,Not yet rated,http://www.allsides.com/node/19059
Saugatuck Commercial Record,http://www.allegannews.com/commercial-record,Not yet rated,http://www.allsides.com/node/19215
Sault Sainte Marie Evening News,http://www.sooeveningnews.com/,Not yet rated,http://www.allsides.com/node/19216
Savannah Morning News,http://savannahnow.com/,Not yet rated,http://www.allsides.com/node/18420
Savannah Morning News,http://savannahnow.com/,Not yet rated,http://www.allsides.com/node/18829
Science Blog,http://scienceblog.com,Not yet rated,http://www.allsides.com/node/30537
Science Daily,https://www.sciencedaily.com/,Center,http://www.allsides.com/node/71567
Scientific American,http://www.scientificamerican.com/,Center,http://www.allsides.com/node/24688
Scientific American,http://www.scientificamerican.com,Not yet rated,http://www.allsides.com/node/24690
Scott Brown,https://www.scottbrown.com/,Right,http://www.allsides.com/node/20672
Sean Haugh,https://seanhaugh.nationbuilder.com/,Center,http://www.allsides.com/node/20638
Sentinel- Record,http://www.hotsr.com/,Not yet rated,http://www.allsides.com/node/18686
Seward City News,http://sewardcitynews.com/,Not yet rated,http://www.allsides.com/node/18468
SF Gate,http://www.sfgate.com/,Lean Left,http://www.allsides.com/node/5829
SF Weekly,http://www.sfweekly.com/,Center,http://www.allsides.com/node/5830
Shelley Moore Capito,http://www.capitoforsenate.com/,Right,http://www.allsides.com/node/20674
Shreveport Times,http://www.shreveporttimes.com/,Not yet rated,http://www.allsides.com/node/18197
Sierra Sun,http://www.sierrasun.com/,Not yet rated,http://www.allsides.com/node/69790
Sioux-City Journal,http://siouxcityjournal.com/,Not yet rated,http://www.allsides.com/node/18501
Sky-Hi Daily News,http://www.skyhidailynews.com/,Lean Left,http://www.allsides.com/node/18416
South Haven Tribune,http://www.southhaventribune.net/,Not yet rated,http://www.allsides.com/node/19217
South Lyon Herald,http://www.hometownlife.com/VideoNetwork/599611888001/The-South-Lyon-Herald-Local-is-What-Matters,Not yet rated,http://www.allsides.com/node/19218
South Oakland Eccentric,http://www.hometownlife.com/,Not yet rated,http://www.allsides.com/node/19163
Southeast Advance,http://www.mlive.com/advancenewspapers/,Not yet rated,http://www.allsides.com/node/18927
Southwest Daily News,http://www.sulphurdailynews.com/,Not yet rated,http://www.allsides.com/node/18198
Southwest Times Record,http://www.swtimes.com/,Not yet rated,http://www.allsides.com/node/18687
Spencer Daily Reporter,http://www.spencerdailyreporter.com/,Not yet rated,http://www.allsides.com/node/18502
Spinal Column Newsweekly,http://www.spinalcolumnonline.com/,Not yet rated,http://www.allsides.com/node/19088
Spokesman Review,http://www.spokesman.com/,Lean Left,http://www.allsides.com/node/31937
Springdale Morning News,http://www.nwaonline.com/metro/springdale/,Not yet rated,http://www.allsides.com/node/18688
St. Ignace News,http://www.stignacenews.com/,Not yet rated,http://www.allsides.com/node/19221
Standard Journal,http://www.rexburgstandardjournal.com/news/,Not yet rated,http://www.allsides.com/node/31922
Stanford News,http://news.stanford.edu/,Not yet rated,http://www.allsides.com/node/28698
Stanford News,http://news.stanford.edu/,Not yet rated,http://www.allsides.com/node/72045
Star News,http://www.starnewsonline.com/,Not yet rated,http://www.allsides.com/node/18259
State Journal,http://www.state-journal.com/,Lean Left,http://www.allsides.com/node/18662
State Line Observer,http://statelineobserver.com/,Not yet rated,http://www.allsides.com/node/18972
Statesboro Herald,http://www.statesboroherald.com/,Not yet rated,http://www.allsides.com/node/18423
Statesboro Herald,http://www.statesboroherald.com/,Not yet rated,http://www.allsides.com/node/18830
Steamboat Today,http://www.steamboattoday.com/,Not yet rated,http://www.allsides.com/node/18414
Stockbridge Sun Times,http://thesuntimesnews.com/,Not yet rated,http://www.allsides.com/node/19191
Straitsland Resorter,http://www.resorter.com/,Not yet rated,http://www.allsides.com/node/19126
Students Matter,http://studentsmatter.org/,Not yet rated,http://www.allsides.com/node/19905
Sturgis Journal,http://www.sturgisjournal.com/,Not yet rated,http://www.allsides.com/node/19192
Stuttgart Daily Leader,http://www.stuttgartdailyleader.com/,Not yet rated,http://www.allsides.com/node/18689
Summit Daily,http://www.summitdaily.com/,Not yet rated,http://www.allsides.com/node/18412
Summit Daily,http://www.summitdaily.com/,Not yet rated,http://www.allsides.com/node/18399
Sun Journal,http://www.newbernsj.com/,Not yet rated,http://www.allsides.com/node/18260
Suspend Belief Podcast,http://suspendbeliefpodcast.com/,Mixed,http://www.allsides.com/node/31606
Suspend Belief Podcast,https://itunes.apple.com/us/podcast/the-dreaded-disagreement/id1053294043?i=356129673&mt=2,Mixed,http://www.allsides.com/node/31606
Swartz Creek News,http://swartzcreekview.mihomepaper.com/,Not yet rated,http://www.allsides.com/node/19193
TechCrunch,http://techcrunch.com/,Center,http://www.allsides.com/node/23812
Tecumseh Herald,http://www.tecumsehherald.com/,Not yet rated,http://www.allsides.com/node/19164
TED,http://www.ted.com,Not yet rated,http://www.allsides.com/node/20485
Telegraph Herald,http://www.thonline.com/,Not yet rated,http://www.allsides.com/node/18503
Telluride Daily Planet,http://www.telluridenews.com/,Not yet rated,http://www.allsides.com/node/18433
Terri Lynn Land,https://terrilynnland.com/,Right,http://www.allsides.com/node/20670
Test Source,http://www.foxnews.com/,Center,http://www.allsides.com/node/10506
Texarkana Gazette,http://www.texarkanagazette.com/,Not yet rated,http://www.allsides.com/node/18690
The Advance,http://www.theadvancenews.com/,Not yet rated,http://www.allsides.com/node/18780
The Advertiser,http://www.theadvertiser.com/,Not yet rated,http://www.allsides.com/node/18187
The Advocate,http://www.ucdadvocate.com/,Not yet rated,http://www.allsides.com/node/18315
The Advocate,http://theadvocate.com/,Not yet rated,http://www.allsides.com/node/18178
The Advocate-Messenger,http://www.centralkynews.com/amnews/,Lean Left,http://www.allsides.com/node/18600
The Albany Herald,http://www.albanyherald.com/,Not yet rated,http://www.allsides.com/node/18781
The Asheville Tribune,http://www.thetribunepapers.com/category/location/avl/,Not yet rated,http://www.allsides.com/node/18205
The Atlantic,http://www.theatlantic.com/,Lean Left,http://www.allsides.com/node/3409
The Augusta Chronicle,http://chronicle.augusta.com/,Not yet rated,http://www.allsides.com/node/18785
The Biblical Recorder,http://www.brnow.org/,Not yet rated,http://www.allsides.com/node/18206
The Breeze,http://www.breezejmu.org/,Not yet rated,http://www.allsides.com/node/24686
The Brighton Blade,http://www.thebrightonblade.com/,Not yet rated,http://www.allsides.com/node/18330
The Brunswick News,http://www.thebrunswicknews.com/,Not yet rated,http://www.allsides.com/node/18786
The Burton New,http://www.mlive.com/burton/,Not yet rated,http://www.allsides.com/node/19037
The Cadiz Record,http://www.cadizrecord.com/,Lean Left,http://www.allsides.com/node/18603
The Cairo Messenger,http://www.cairomessenger.com/2767/1314/1/home,Not yet rated,http://www.allsides.com/node/18787
The Camden News,http://www.camdenarknews.com/,Not yet rated,http://www.allsides.com/node/18670
The Cap Times,http://host.madison.com/ct,Not yet rated,http://www.allsides.com/node/72049
The Carrboro Citizen,http://www.carrborocitizen.com/main/,Not yet rated,http://www.allsides.com/node/18208
The Cary News,http://www.carynews.com/,Not yet rated,http://www.allsides.com/node/18209
The Catham Journal,http://www.chathamjournal.com/weekly/,Not yet rated,http://www.allsides.com/node/18213
The Charlotte Jewish News,http://charlottejewishnews.org/,Not yet rated,http://www.allsides.com/node/18211
The Charlotte Observer,http://www.charlotteobserver.com/,Not yet rated,http://www.allsides.com/node/18212
The Citizen,http://thecitizen.villagesoup.com/,Not yet rated,http://www.allsides.com/node/18743
The Colorado Daily,http://www.coloradodaily.com/,Not yet rated,http://www.allsides.com/node/18338
The Colorado Statesman,http://www.coloradostatesman.com/,Not yet rated,http://www.allsides.com/node/18335
The Coloradoan,http://www.coloradoan.com/,Not yet rated,http://www.allsides.com/node/18311
The Commercial Appeal,http://www.commercialappeal.com/,Lean Left,http://www.allsides.com/node/31201
The Courier,http://www.couriernews.com/,Not yet rated,http://www.allsides.com/node/18671
The Courier-Journal,http://www.courier-journal.com/,Lean Left,http://www.allsides.com/node/18605
The Covington News,http://www.covnews.com/,Not yet rated,http://www.allsides.com/node/18789
The Crested Butte News,http://www.crestedbuttenews.com/,Not yet rated,http://www.allsides.com/node/18332
The Daily Advance,http://www.dailyadvance.com/,Not yet rated,http://www.allsides.com/node/18216
The Daily Citizen,http://www.thedailycitizen.com/,Not yet rated,http://www.allsides.com/node/18672
The Daily Citizen,http://www.daltondailycitizen.com/,Not yet rated,http://www.allsides.com/node/18790
The Daily Dispatch,http://www.hendersondispatch.com/,Not yet rated,http://www.allsides.com/node/18217
The Daily Herald,http://www.rrdailyherald.com/,Not yet rated,http://www.allsides.com/node/18218
The Daily Iowegian,http://www.dailyiowegian.com/,Not yet rated,http://www.allsides.com/node/18481
The Daily Record,http://www.mydailyrecord.com/ee/dunndailyrecord/index.php,Not yet rated,http://www.allsides.com/node/18219
The Daily Reflector,http://www.reflector.com/,Not yet rated,http://www.allsides.com/node/18220
The Daily Show (humor),http://www.thedailyshow.com/,Lean Left,http://www.allsides.com/node/874
The Daily Southerner,http://archives.dailysoutherner.com/,Not yet rated,http://www.allsides.com/node/18221
The Daily Tar Heel,http://www.dailytarheel.com/,Not yet rated,http://www.allsides.com/node/18222
The Daily Wildcat,http://www.wildcat.arizona.edu/,Not yet rated,http://www.allsides.com/node/25314
The Daily Wire,http://www.dailywire.com/,Right,http://www.allsides.com/node/71103
The Daily World,http://www.helena-arkansas.com/,Not yet rated,http://www.allsides.com/node/18674
The Daily World,http://www.dailyworld.com/,Not yet rated,http://www.allsides.com/node/18194
The Dallas Morning News,http://www.dallasnews.com/,Not yet rated,http://www.allsides.com/node/25325
The Dartmouth,http://www.thedartmouth.com/,Not yet rated,http://www.allsides.com/node/18746
The Delaware County Daily Times,http://www.delcotimes.com/,Lean Left,http://www.allsides.com/node/24667
The Denver Channel,http://www.thedenverchannel.com,Not yet rated,http://www.allsides.com/node/17995
The Denver Post,http://www.denverpost.com/,Not yet rated,http://www.allsides.com/node/18305
The Diplomat,http://thediplomat.com/,Not yet rated,http://www.allsides.com/node/29158
The Dispatch,http://www.the-dispatch.com/,Not yet rated,http://www.allsides.com/node/18224
The Dominion Post,http://www.thedpost.com/,Not yet rated,http://www.allsides.com/node/18912
The Dominion Post,http://www.herald-dispatch.com/,Not yet rated,http://www.allsides.com/node/18762
The Durango Herald,http://www.durangoherald.com/,Not yet rated,http://www.allsides.com/node/18313
The Economist,http://www.economist.com/,Lean Left,http://www.allsides.com/node/3407
The Elkin Tribune,http://www.elkintribune.com/,Not yet rated,http://www.allsides.com/node/18262
The Evening Time,http://www.helena-arkansas.com/,Not yet rated,http://www.allsides.com/node/18675
The Farmerville Gazette,http://www.fgazette.com/,Not yet rated,http://www.allsides.com/node/18182
The Fayetteville Observer,http://www.fayobserver.com/,Not yet rated,http://www.allsides.com/node/18225
The Federalist,http://thefederalist.com/,Lean Right,http://www.allsides.com/node/31197
The Floyd County Times,http://www.floydcountytimes.com/,Not yet rated,http://www.allsides.com/node/18606
The Flume,http://www.theflume.com/,Not yet rated,http://www.allsides.com/node/18344
The Fort Morgan Times,http://www.fortmorgantimes.com/,Not yet rated,http://www.allsides.com/node/18343
The Franklinton Era-Leader,http://www.era-leader.com/,Not yet rated,http://www.allsides.com/node/18183
The Gateway Pundit,http://www.thegatewaypundit.com/,Right,http://www.allsides.com/node/72973
The Goldsboro News-Argus,http://www.newsargus.com/,Not yet rated,http://www.allsides.com/node/18227
The Greeley Tribune,http://www.greeleytribune.com/,Not yet rated,http://www.allsides.com/node/18431
The Grey Area News,http://www.greyareanews.com/,Not yet rated,http://www.allsides.com/node/18230
The Guardian,https://www.theguardian.com/us,Lean Left,http://www.allsides.com/node/14782
The Hammond Daily Star,http://www.hammondstar.com/,Not yet rated,http://www.allsides.com/node/18185
The Harlan Daily Enterprise,http://www.harlandaily.com/,Not yet rated,http://www.allsides.com/node/18608
The Hartwell Sun,http://www.thehartwellsun.com/,Not yet rated,http://www.allsides.com/node/18857
The Hawk Eye,http://www.thehawkeye.com/,Not yet rated,http://www.allsides.com/node/18488
The Herald Democrat,http://www.leadvilleherald.com/,Not yet rated,http://www.allsides.com/node/18393
The Herald Times,http://www.theheraldtimes.com/,Not yet rated,http://www.allsides.com/node/18417
The Herald-Sun,http://www.heraldsun.com/,Not yet rated,http://www.allsides.com/node/18231
The Hoya,http://www.thehoya.com/,Not yet rated,http://www.allsides.com/node/71475
The Independent,http://www.dailyindependent.com/,Not yet rated,http://www.allsides.com/node/18628
The Independent Weekly,http://web.archive.org/web/20050306231421/http://www.theind.com/index.asp,Not yet rated,http://www.allsides.com/node/18175
The Intelligencer,http://www.theintelligencer.net/,Not yet rated,http://www.allsides.com/node/18914
The Justice,http://www.thejustice.org/,Lean Left,http://www.allsides.com/node/26877
The Keene Sentinel,http://www.sentinelsource.com/,Not yet rated,http://www.allsides.com/node/18750
The Kentucky Standard,http://www.kystandard.com/,Not yet rated,http://www.allsides.com/node/18630
The Korea Herald,http://www.koreaherald.com/index.php,Center,http://www.allsides.com/node/31204
The Lamar Ledger,http://www.lamarledger.com/,Not yet rated,http://www.allsides.com/node/18401
The Leader and the Kalkaskian,http://morningstarpublishing.com/leader_and_kalkaskian/,Not yet rated,http://www.allsides.com/node/18925
The Libertarian Republic,http://thelibertarianrepublic.com/,Lean Right,http://www.allsides.com/node/16010
The Log Cabin Democrat,http://thecabin.net/,Not yet rated,http://www.allsides.com/node/18680
The Macon Telegraph,http://www.macon.com/,Not yet rated,http://www.allsides.com/node/18430
The Massachusetts Daily Collegian,http://dailycollegian.com,Not yet rated,http://www.allsides.com/node/71406
The Messenger,http://www.messengernews.net/,Not yet rated,http://www.allsides.com/node/18493
The Moultrie Observer,http://www.moultrieobserver.com/,Not yet rated,http://www.allsides.com/node/18366
The Moultrie Observer,http://www.moultrieobserver.com/,Not yet rated,http://www.allsides.com/node/18864
The Mountain Jackpot,http://www.mountainjackpot.com/,Not yet rated,http://www.allsides.com/node/18410
The Mountain Mail,http://www.themountainmail.com/,Not yet rated,http://www.allsides.com/node/18409
The Mountain-Ear,http://themtnear.com/,Not yet rated,http://www.allsides.com/node/18403
The News Observer,http://www.newsobserver.com/#navlink=navbar,Not yet rated,http://www.allsides.com/node/18210
The News Orlean Tribune,http://www.neworleanstribune.com/,Not yet rated,http://www.allsides.com/node/18192
The News Star,http://www.thenewsstar.com/,Not yet rated,http://www.allsides.com/node/18191
The News-enterprise,http://www.thenewsenterprise.com/,Not yet rated,http://www.allsides.com/node/18652
The News-Herald,http://www.thenewsherald.com/,Not yet rated,http://www.allsides.com/node/19219
The Observer (New York),http://observer.com/,Center,http://www.allsides.com/node/33300
The Ocilla Star,http://www.theocillastar.com/2689/1328/1/this-weeks-issue,Not yet rated,http://www.allsides.com/node/18866
The Oldham Era,http://www.oldhamera.com/,Not yet rated,http://www.allsides.com/node/18653
The Oldham Era,http://www.oldhamera.com/,Not yet rated,http://www.allsides.com/node/18654
The Oracle,http://www.usforacle.com/,Center,http://www.allsides.com/node/31935
The Ouachita Citizen,http://www.hannapub.com/ouachitacitizen/,Not yet rated,http://www.allsides.com/node/18200
The Paducah Sun,http://www/paducahsun.com/,Not yet rated,http://www.allsides.com/node/18655
The Pagosa Springs Sun,http://www.pagosasun.com/,Not yet rated,http://www.allsides.com/node/18419
The Paintsville Herald,http://www.paintsvilleherald.com/,Not yet rated,http://www.allsides.com/node/18656
The Parkersburg News and Sentinal,http://www.newsandsentinel.com/,Not yet rated,http://www.allsides.com/node/18913
The Pilot,http://www.thepilot.com/,Not yet rated,http://www.allsides.com/node/18244
The Pioneer News,http://www.pioneernews.net/,Not yet rated,http://www.allsides.com/node/18657
The Pontiac News,http://www.thepontiacnews.com/,Not yet rated,http://www.allsides.com/node/19151
The Post-Serachlight,http://www.thepostsearchlight.com/,Not yet rated,http://www.allsides.com/node/18867
The Pueblo Chieftain,http://www.chieftain.com/,Not yet rated,http://www.allsides.com/node/18308
The Raleigh Telegram,http://raleightelegram.com/,Not yet rated,http://www.allsides.com/node/18245
The Red and Black,http://www.redandblack.com/,Center,http://www.allsides.com/node/31986
The Reliable Bias,http://reliablebias.com/home/,Center,http://www.allsides.com/node/18304
The Republican,https://www.therepublicannews.com/,Center,http://www.allsides.com/node/21755
The Roanoke-Chowan News-Herald,http://www.roanoke-chowannewsherald.com/,Not yet rated,http://www.allsides.com/node/18247
The Robesonian,http://www.robesonian.com/,Not yet rated,http://www.allsides.com/node/18248
The Rockdale Citizen,http://www.rockdalecitizen.com/,Not yet rated,http://www.allsides.com/node/18868
The Rockdale Citizen,http://www.rockdalecitizen.com/,Not yet rated,http://www.allsides.com/node/18406
The Rockdale News,http://www.rockdalenews.com/,Not yet rated,http://www.allsides.com/node/18411
The Rockdale News,http://www.rockdalenews.com/,Not yet rated,http://www.allsides.com/node/18827
The Rocky Mount Telegram,http://www.rockymounttelegram.com/news,Not yet rated,http://www.allsides.com/node/18249
The Rocky Mount Telegram,http://www.rockymounttelegram.com/news,Not yet rated,http://www.allsides.com/node/18250
The Sacramento Bee,http://www.sacbee.com/,Lean Left,http://www.allsides.com/node/71384
The Salt Lake Tribune,http://www.sltrib.com/,Lean Left,http://www.allsides.com/node/23184
The Sanford Herald,http://www.sanfordherald.com/,Not yet rated,http://www.allsides.com/node/18254
The Sentinel News,http://www.sentinelnews.com/,Not yet rated,http://www.allsides.com/node/18661
The Sentinel-Echo,http://www.sentinel-echo.com/,Not yet rated,http://www.allsides.com/node/18660
The Shelby Star,http://www.shelbystar.com/,Not yet rated,http://www.allsides.com/node/18258
The Stanly News and Press,http://www.thesnaponline.com/,Not yet rated,http://www.allsides.com/node/18257
The State Press,http://www.statepress.com,Not yet rated,http://www.allsides.com/node/71408
The Technique,http://nique.net/,Not yet rated,http://www.allsides.com/node/18424
The Telegraph (Georgia),http://www.macon.com/,Not yet rated,http://www.allsides.com/node/18831
The Telegraph - UK,http://www.telegraph.co.uk/,Lean Right,http://www.allsides.com/node/68538
The Tifton Gazette,http://www.tiftongazette.com/,Not yet rated,http://www.allsides.com/node/18833
The Times of Israel,timesofisrael.com,Not yet rated,http://www.allsides.com/node/73704
The Times-Picayune,http://www.nola.com/#/0,Not yet rated,http://www.allsides.com/node/18193
The Times-Tribune,http://www.thetimestribune.com/,Not yet rated,http://www.allsides.com/node/18663
The Town Talk,http://www.thetowntalk.com/,Not yet rated,http://www.allsides.com/node/18176
The Trimble Banner,http://www.mytrimblebanner.com/,Not yet rated,http://www.allsides.com/node/18664
The Union Recorder,http://www.unionrecorder.com/,Not yet rated,http://www.allsides.com/node/18436
The Union Recorder,http://www.unionrecorder.com/,Not yet rated,http://www.allsides.com/node/18834
The Valdosta Daily Times,http://www.valdostadailytimes.com/,Not yet rated,http://www.allsides.com/node/18437
The Valdosta Daily Times,http://www.valdostadailytimes.com/,Not yet rated,http://www.allsides.com/node/18835
The Valley News,http://www.vnews.com/,Not yet rated,http://www.allsides.com/node/18504
The Wake Forest Weekly,http://www.wakeweekly.com/,Not yet rated,http://www.allsides.com/node/18264
The Watauga Democrat,http://www2.wataugademocrat.com/home,Not yet rated,http://www.allsides.com/node/18265
The Watch,http://www.thewatchmedia.com/,Not yet rated,http://www.allsides.com/node/18432
The Waycross Journal Herald,http://www.wjhnews.com/,Not yet rated,http://www.allsides.com/node/18836
The Week,http://theweek.com/,Center,http://www.allsides.com/node/16106
The Wilkes Journal-Patriot,http://www.journalpatriot.com/,Not yet rated,http://www.allsides.com/node/18267
The Wilson Times,http://www.wilsontimes.com/,Not yet rated,http://www.allsides.com/node/18268
The Winston-Salem Journal,http://www.journalnow.com/,Not yet rated,http://www.allsides.com/node/18269
The Wireless Farmer,http://thewiregrassfarmer.com/,Not yet rated,http://www.allsides.com/node/18438
The Yadkin Ripple,http://www.yadkinripple.com/,Not yet rated,http://www.allsides.com/node/18270
TheBlaze,http://www.theblaze.com/,Right,http://www.allsides.com/node/5499
Thibodaux Daily Comet,http://www.dailycomet.com/,Not yet rated,http://www.allsides.com/node/18199
Thom Tillis,http://thomtillis.com/,Right,http://www.allsides.com/node/20675
Thomas Frey,http://www.futuristspeaker.com/,Not yet rated,http://www.allsides.com/node/33295
Thomasville Times-Enterprise,http://www.timesenterprise.com/,Not yet rated,http://www.allsides.com/node/18434
Thomasville Times-Enterprise,http://www.timesenterprise.com/,Not yet rated,http://www.allsides.com/node/18832
Three Rivers Commercial News,http://www.threeriversnews.com/,Not yet rated,http://www.allsides.com/node/19165
Tifton Gazette,http://www.tiftongazette.com/,Not yet rated,http://www.allsides.com/node/18435
Times West-Virginian,http://www.timeswv.com/,Not yet rated,http://www.allsides.com/node/18760
Times-Herald,http://thnews.com/,Not yet rated,http://www.allsides.com/node/18691
Tom Cotton,http://www.tomcotton.com/,Right,http://www.allsides.com/node/20512
Toronto Star,http://www.thestar.com/,Not yet rated,http://www.allsides.com/node/28752
Townhall,http://townhall.com/,Right,http://www.allsides.com/node/871
Traverse City Business News,http://www.tcbusinessnews.com/,Not yet rated,http://www.allsides.com/node/19167
Traverse City Record-Eagle,http://www.record-eagle.com/,Not yet rated,http://www.allsides.com/node/19168
Tri-City Times,http://www.tricitytimes-online.com/,Not yet rated,http://www.allsides.com/node/19124
Troy-Somerset Gazette,http://www.troy-somersetgazette.com/,Not yet rated,http://www.allsides.com/node/19169
Truth or Fiction ,https://www.truthorfiction.com/,Center,http://www.allsides.com/node/32223
TruthOut,http://www.truth-out.org/,Lean Left,http://www.allsides.com/node/2935
Tucson Weekly,http://www.tucsonweekly.com/,Not yet rated,http://www.allsides.com/node/29152
Tuscola County Advertister,http://www.tuscolatoday.com/,Not yet rated,http://www.allsides.com/node/19046
Tyron Daily Bulletin,http://www.tryondailybulletin.com/,Not yet rated,http://www.allsides.com/node/18263
U.S. News and World Report,http://www.usnews.com/,Lean Left,http://www.allsides.com/node/867
UB Reporter,http://www.buffalo.edu/ubreporter.html,Not yet rated,http://www.allsides.com/node/69794
Union Leader,http://www.unionleader.com/,Not yet rated,http://www.allsides.com/node/18753
United States Courts,http://www.uscourts.gov/,Center,http://www.allsides.com/node/30490
University of Delaware Review,http://udreview.com/,Not yet rated,http://www.allsides.com/node/72183
University of Wyoming,http://www.uwyo.edu/,Not yet rated,http://www.allsides.com/node/26885
Univision,http://www.univision.com/,Lean Left,http://www.allsides.com/node/32455
USA Today,http://www.usatoday.com/,Center,http://www.allsides.com/node/868
USAPP,http://blogs.lse.ac.uk/usappblog/,Not yet rated,http://www.allsides.com/node/31554
Vail Daily,http://www.vaildaily.com/News/EagleValley,Not yet rated,http://www.allsides.com/node/18348
Vail Daily,http://www.vaildaily.com/,Not yet rated,http://www.allsides.com/node/18429
Valley News,http://www.vnews.com/,Not yet rated,http://www.allsides.com/node/18756
Value Walk,http://www.valuewalk.com/,Not yet rated,http://www.allsides.com/node/29154
Vanity Fair,http://www.vanityfair.com/,Lean Left,http://www.allsides.com/node/29721
Vinton Cedar Valley Daily News,http://www.communitynewspapergroup.com/vinton_newspapers/,Not yet rated,http://www.allsides.com/node/18505
Volante,http://volanteonline.com/,Center,http://www.allsides.com/node/68760
Vote Smart,http://www.votesmart.org,Center,http://www.allsides.com/node/2960
Vox.com,http://www.vox.com,Lean Left,http://www.allsides.com/node/17556
VT Digger,http://vtdigger.org/,Lean Left,http://www.allsides.com/node/73654
Wall Street Journal- News,http://online.wsj.com/,Center,http://www.allsides.com/node/89
Wall Street Journal- Opinion,http://online.wsj.com/public/page/news-opinion-commentary.html,Right,http://www.allsides.com/node/2145
Washington Daily News,http://www.thewashingtondailynews.com/,Not yet rated,http://www.allsides.com/node/18266
Washington Evening Journal,http://washington-ia.villagesoup.com/index.seam,Not yet rated,http://www.allsides.com/node/18506
Washington Examiner,http://washingtonexaminer.com/,Right,http://www.allsides.com/node/2555
Washington Free Beacon,http://freebeacon.com/,Right,http://www.allsides.com/node/19565
Washington Guardian,http://www.washingtonguardian.com/,Lean Right,http://www.allsides.com/node/5975
Washington Monthly,http://washingtonmonthly.com/,Lean Left,http://www.allsides.com/node/71418
Washington Post,http://www.washingtonpost.com/regional,Lean Left,http://www.allsides.com/node/91
Washington Times,http://www.washingtontimes.com/,Lean Right,http://www.allsides.com/node/90
Waterloo Cedar Falls Courier,http://wcfcourier.com/,Not yet rated,http://www.allsides.com/node/18508
Wausau Daily Herald,http://www.wausaudailyherald.com/,Not yet rated,http://www.allsides.com/node/32004
Wayland News,http://www.mlive.com/wayland/,Not yet rated,http://www.allsides.com/node/19172
Wayne State University South End,http://www.thesouthend.wayne.edu/,Not yet rated,http://www.allsides.com/node/19090
WBFO,http://news.wbfo.org/,Not yet rated,http://www.allsides.com/node/71546
Webster Journal,http://www.freemanjournal.net/,Not yet rated,http://www.allsides.com/node/18509
Weekly Standard,http://www.weeklystandard.com/,Right,http://www.allsides.com/node/3173
Western Herald,http://www.westernherald.com/,Not yet rated,http://www.allsides.com/node/18923
Western Journalism,http://www.westernjournalism.com/,Right,http://www.allsides.com/node/71758
Westland Observer,http://www.hometownlife.com/section/NEWS24,Not yet rated,http://www.allsides.com/node/19174
Westside Pioneer,http://www.westsidepioneer.com/,Not yet rated,http://www.allsides.com/node/18428
Wet Mountain Tribune,http://www.wetmountaintribune.com/,Not yet rated,http://www.allsides.com/node/18426
WFAE,http://wfae.org/,Center,http://www.allsides.com/node/25320
WGBH,http://news.wgbh.org/,Center,http://www.allsides.com/node/71572
White Lake Beacon,http://www.shorelinemedia.net/white_lake_beacon/,Not yet rated,http://www.allsides.com/node/19175
Whitehouse.gov,http://www.whitehouse.gov/,Not yet rated,http://www.allsides.com/node/2735
Windsor Now!,http://www.mywindsornow.com/,Not yet rated,http://www.allsides.com/node/18408
Wisconsin Gazette,http://wisconsingazette.com/,Lean Left,http://www.allsides.com/node/72033
WND.com,http://www.wnd.com/,Right,http://www.allsides.com/node/870
World Bank,http://www.worldbank.org/,Not yet rated,http://www.allsides.com/node/70669
Yahoo News,https://screen.yahoo.com,Lean Left,http://www.allsides.com/node/29469
Yellow Scene Magazine,http://yellowscene.com/,Not yet rated,http://www.allsides.com/node/18425
You Tube,http://www.youtube.com,Not yet rated,http://www.allsides.com/node/22769
Ypslianti Courier,http://www.heritage.com/ypsilanti_courier/,Not yet rated,http://www.allsides.com/node/19177
Zionist Organization of America,http://www.zoa.org,Not yet rated,http://www.allsides.com/node/73829
